Agency,Agency Type,Distribution Channel,Product Name,Duration,Destination,Net Sales,Commision (in value),Age,Claim
CWT,Travel Agency,Online,Rental Vehicle Excess Insurance,19,THAILAND,19.8,11.88,37,0
C2B,Airlines,Online,Annual Silver Plan,367,SINGAPORE,161.0,40.25,42,0
JZI,Airlines,Online,Basic Plan,17,Other_Destination,61.0,21.35,31,0
CWT,Travel Agency,Online,Rental Vehicle Excess Insurance,113,UNITED STATES,59.4,35.64,61,0
CWT,Travel Agency,Online,Rental Vehicle Excess Insurance,17,AUSTRALIA,9.9,5.94,41,0
EPX,Travel Agency,Online,Cancellation Plan,7,UNITED KINGDOM,67.0,0.0,36,0
EPX,Travel Agency,Online,Other_Product,108,SINGAPORE,26.0,0.0,36,0
CWT,Travel Agency,Online,Rental Vehicle Excess Insurance,7,MALAYSIA,29.7,17.82,57,0
C2B,Airlines,Online,Silver Plan,64,SINGAPORE,81.0,20.25,71,0
EPX,Travel Agency,Online,Other_Product,110,SINGAPORE,57.0,0.0,36,0
JZI,Airlines,Online,Basic Plan,8,VIET NAM,18.0,6.3,36,0
CWT,Travel Agency,Online,Rental Vehicle Excess Insurance,34,AUSTRALIA,89.1,53.46,57,0
CWT,Travel Agency,Online,Rental Vehicle Excess Insurance,83,AUSTRALIA,59.4,35.64,26,0
EPX,Travel Agency,Online,Cancellation Plan,59,JAPAN,80.0,0.0,36,0
C2B,Airlines,Online,Annual Silver Plan,379,SINGAPORE,216.0,54.0,30,0
C2B,Airlines,Online,Bronze Plan,28,SINGAPORE,23.5,5.88,50,0
ART,Airlines,Online,Other_Product,2,SINGAPORE,8.7,3.04,48,0
C2B,Airlines,Online,Annual Silver Plan,377,SINGAPORE,201.0,50.25,67,0
C2B,Airlines,Online,Annual Silver Plan,369,SINGAPORE,216.0,54.0,37,0
KML,Travel Agency,Online,Other_Product,9,Other_Destination,75.0,28.5,48,0
C2B,Airlines,Online,Bronze Plan,51,SINGAPORE,72.0,18.0,40,0
C2B,Airlines,Online,Bronze Plan,15,SINGAPORE,23.5,5.88,32,0
EPX,Travel Agency,Online,2 way Comprehensive Plan,32,HONG KONG,22.0,0.0,36,0
EPX,Travel Agency,Online,Cancellation Plan,285,SINGAPORE,42.0,0.0,36,0
EPX,Travel Agency,Online,2 way Comprehensive Plan,17,THAILAND,49.0,0.0,36,0
CWT,Travel Agency,Online,Rental Vehicle Excess Insurance,16,JAPAN,49.5,29.7,41,0
EPX,Travel Agency,Online,Cancellation Plan,56,JAPAN,29.0,0.0,28,0
C2B,Airlines,Online,Silver Plan,11,SINGAPORE,41.5,10.38,40,0
C2B,Airlines,Online,Bronze Plan,53,SINGAPORE,39.0,9.75,28,0
EPX,Travel Agency,Online,2 way Comprehensive Plan,21,UNITED KINGDOM,58.0,0.0,36,0
EPX,Travel Agency,Online,2 way Comprehensive Plan,203,JAPAN,90.0,0.0,36,0
EPX,Travel Agency,Online,Cancellation Plan,58,SINGAPORE,15.0,0.0,36,0
JZI,Airlines,Online,Basic Plan,6,HONG KONG,26.0,9.1,51,0
EPX,Travel Agency,Online,Cancellation Plan,63,ITALY,80.0,0.0,36,0
EPX,Travel Agency,Online,Cancellation Plan,50,CHINA,46.0,0.0,36,0
EPX,Travel Agency,Online,Cancellation Plan,51,JAPAN,33.0,0.0,35,0
C2B,Airlines,Online,Bronze Plan,4,SINGAPORE,16.0,4.0,49,0
CWT,Travel Agency,Online,Rental Vehicle Excess Insurance,102,Other_Destination,39.6,23.76,38,0
JZI,Airlines,Online,Basic Plan,7,Other_Destination,26.0,9.1,49,0
EPX,Travel Agency,Online,Other_Product,27,Other_Destination,20.0,0.0,28,0
JZI,Airlines,Online,Basic Plan,26,INDONESIA,33.0,11.55,34,0
JZI,Airlines,Online,Basic Plan,25,CHINA,40.0,14.0,27,0
EPX,Travel Agency,Online,2 way Comprehensive Plan,25,SINGAPORE,20.0,0.0,21,0
EPX,Travel Agency,Online,Cancellation Plan,19,MALAYSIA,12.0,0.0,28,0
EPX,Travel Agency,Online,2 way Comprehensive Plan,33,JAPAN,53.0,0.0,36,0
EPX,Travel Agency,Online,Cancellation Plan,7,MALAYSIA,12.0,0.0,57,0
JZI,Airlines,Online,Basic Plan,22,MALAYSIA,30.0,10.5,61,0
EPX,Travel Agency,Online,Cancellation Plan,109,JAPAN,30.0,0.0,36,0
EPX,Travel Agency,Online,Cancellation Plan,21,INDONESIA,24.0,0.0,37,0
EPX,Travel Agency,Online,Cancellation Plan,16,"TAIWAN, PROVINCE OF CHINA",10.0,0.0,48,0
CWT,Travel Agency,Online,Rental Vehicle Excess Insurance,131,Other_Destination,29.7,17.82,24,0
C2B,Airlines,Online,Silver Plan,3,SINGAPORE,30.0,7.5,34,0
EPX,Travel Agency,Online,2 way Comprehensive Plan,29,ITALY,109.0,0.0,36,0
JZI,Airlines,Online,Basic Plan,10,CHINA,22.0,7.7,56,0
EPX,Travel Agency,Online,Cancellation Plan,38,UNITED STATES,26.0,0.0,57,0
C2B,Airlines,Online,Bronze Plan,5,SINGAPORE,16.0,4.0,32,0
EPX,Travel Agency,Online,Cancellation Plan,163,Other_Destination,55.0,0.0,36,0
EPX,Travel Agency,Online,Cancellation Plan,27,PHILIPPINES,14.0,0.0,36,0
EPX,Travel Agency,Online,2 way Comprehensive Plan,31,JAPAN,112.0,0.0,36,0
EPX,Travel Agency,Online,2 way Comprehensive Plan,10,THAILAND,22.0,0.0,36,0
JZI,Airlines,Online,Basic Plan,9,CHINA,26.0,9.1,39,0
JZI,Airlines,Online,Basic Plan,20,THAILAND,22.0,7.7,59,0
CWT,Travel Agency,Online,Rental Vehicle Excess Insurance,22,Other_Destination,49.5,29.7,50,0
C2B,Airlines,Online,Silver Plan,62,SINGAPORE,84.5,21.13,41,0
SSI,Airlines,Online,Other_Product,76,SINGAPORE,2.19,0.61,48,0
CWT,Travel Agency,Online,Rental Vehicle Excess Insurance,13,PHILIPPINES,29.7,17.82,51,0
EPX,Travel Agency,Online,2 way Comprehensive Plan,15,VIET NAM,28.0,0.0,58,0
EPX,Travel Agency,Online,2 way Comprehensive Plan,41,THAILAND,20.0,0.0,39,0
EPX,Travel Agency,Online,Other_Product,216,SINGAPORE,20.0,0.0,36,0
CWT,Travel Agency,Online,Rental Vehicle Excess Insurance,22,MALAYSIA,29.7,17.82,33,0
C2B,Airlines,Online,Bronze Plan,29,SINGAPORE,17.0,4.25,39,0
CWT,Travel Agency,Online,Rental Vehicle Excess Insurance,14,AUSTRALIA,59.4,35.64,51,0
EPX,Travel Agency,Online,Cancellation Plan,24,THAILAND,14.0,0.0,36,0
C2B,Airlines,Online,Other_Product,41,SINGAPORE,163.8,40.95,40,0
JZI,Airlines,Online,Basic Plan,22,CHINA,26.0,9.1,58,0
EPX,Travel Agency,Online,2 way Comprehensive Plan,21,"KOREA, REPUBLIC OF",46.0,0.0,36,0
EPX,Travel Agency,Online,Cancellation Plan,8,JAPAN,13.0,0.0,25,0
C2B,Airlines,Online,Bronze Plan,15,SINGAPORE,33.5,8.38,35,0
C2B,Airlines,Online,Bronze Plan,17,SINGAPORE,39.0,9.75,5,0
EPX,Travel Agency,Online,Cancellation Plan,1,CHINA,18.0,0.0,36,0
TST,Travel Agency,Offline,Other_Product,112,MALAYSIA,30.0,10.5,41,0
EPX,Travel Agency,Online,2 way Comprehensive Plan,32,THAILAND,21.0,0.0,36,0
EPX,Travel Agency,Online,2 way Comprehensive Plan,13,CHINA,80.0,0.0,35,0
EPX,Travel Agency,Online,Cancellation Plan,22,UNITED KINGDOM,23.0,0.0,36,0
EPX,Travel Agency,Online,2 way Comprehensive Plan,147,THAILAND,23.0,0.0,36,0
C2B,Airlines,Online,Bronze Plan,20,SINGAPORE,53.5,13.38,25,0
EPX,Travel Agency,Online,Cancellation Plan,19,SINGAPORE,39.0,0.0,36,0
C2B,Airlines,Online,Bronze Plan,18,SINGAPORE,30.55,7.64,74,0
EPX,Travel Agency,Online,Cancellation Plan,7,"KOREA, REPUBLIC OF",27.0,0.0,36,0
EPX,Travel Agency,Online,2 way Comprehensive Plan,8,MALAYSIA,49.0,0.0,36,0
CWT,Travel Agency,Online,Rental Vehicle Excess Insurance,39,AUSTRALIA,79.2,47.52,42,0
EPX,Travel Agency,Online,Cancellation Plan,230,MALAYSIA,39.0,0.0,19,0
C2B,Airlines,Online,Annual Silver Plan,368,SINGAPORE,161.0,40.25,31,0
EPX,Travel Agency,Online,Cancellation Plan,18,HONG KONG,20.0,0.0,36,0
EPX,Travel Agency,Online,Other_Product,4,SINGAPORE,55.0,0.0,36,0
SSI,Airlines,Online,Other_Product,141,SINGAPORE,4.12,1.16,48,0
CWT,Travel Agency,Online,Rental Vehicle Excess Insurance,43,AUSTRALIA,79.2,47.52,52,0
EPX,Travel Agency,Online,Cancellation Plan,26,SINGAPORE,80.0,0.0,30,0
EPX,Travel Agency,Online,Cancellation Plan,78,HONG KONG,17.0,0.0,36,0
C2B,Airlines,Online,Annual Silver Plan,366,SINGAPORE,187.85,46.96,37,0
EPX,Travel Agency,Online,Cancellation Plan,6,SINGAPORE,30.0,0.0,36,0
RAB,Airlines,Online,Other_Product,69,Other_Destination,15.0,6.0,56,0
C2B,Airlines,Online,Bronze Plan,9,SINGAPORE,27.0,6.75,18,0
EPX,Travel Agency,Online,Cancellation Plan,40,MALAYSIA,21.0,0.0,36,0
CWT,Travel Agency,Online,Rental Vehicle Excess Insurance,12,AUSTRALIA,108.9,65.34,62,0
C2B,Airlines,Online,Bronze Plan,17,SINGAPORE,33.5,8.38,34,0
EPX,Travel Agency,Online,2 way Comprehensive Plan,20,CHINA,36.0,0.0,35,0
JZI,Airlines,Online,Basic Plan,14,THAILAND,22.0,7.7,48,0
CWT,Travel Agency,Online,Rental Vehicle Excess Insurance,13,AUSTRALIA,79.2,47.52,36,0
EPX,Travel Agency,Online,Cancellation Plan,46,Other_Destination,10.0,0.0,33,0
EPX,Travel Agency,Online,2 way Comprehensive Plan,13,THAILAND,20.0,0.0,34,0
EPX,Travel Agency,Online,Cancellation Plan,12,CHINA,35.0,0.0,36,0
C2B,Airlines,Online,Bronze Plan,32,SINGAPORE,61.5,15.38,26,0
EPX,Travel Agency,Online,2 way Comprehensive Plan,9,HONG KONG,23.0,0.0,36,0
EPX,Travel Agency,Online,Cancellation Plan,11,SINGAPORE,17.0,0.0,36,0
RAB,Airlines,Online,Other_Product,12,Other_Destination,15.0,6.0,22,0
EPX,Travel Agency,Online,Cancellation Plan,11,THAILAND,11.0,0.0,27,0
LWC,Travel Agency,Online,Other_Product,2,INDONESIA,25.0,16.25,48,0
C2B,Airlines,Online,Other_Product,16,SINGAPORE,103.5,25.88,31,0
EPX,Travel Agency,Online,Cancellation Plan,11,Other_Destination,45.0,0.0,36,0
EPX,Travel Agency,Online,Other_Product,14,Other_Destination,63.0,0.0,52,0
EPX,Travel Agency,Online,Other_Product,33,VIET NAM,20.0,0.0,36,0
EPX,Travel Agency,Online,Cancellation Plan,8,Other_Destination,74.0,0.0,36,0
SSI,Airlines,Online,Other_Product,23,SINGAPORE,2.25,0.63,48,0
CWT,Travel Agency,Online,Rental Vehicle Excess Insurance,5,UNITED STATES,39.6,23.76,41,0
EPX,Travel Agency,Online,2 way Comprehensive Plan,35,CHINA,27.0,0.0,36,0
CWT,Travel Agency,Online,Rental Vehicle Excess Insurance,9,UNITED KINGDOM,79.2,47.52,45,0
CWT,Travel Agency,Online,Rental Vehicle Excess Insurance,14,THAILAND,29.7,17.82,23,0
RAB,Airlines,Online,Other_Product,12,Other_Destination,15.0,6.0,53,0
C2B,Airlines,Online,Bronze Plan,12,SINGAPORE,16.0,4.0,56,0
CWT,Travel Agency,Online,Rental Vehicle Excess Insurance,39,MALAYSIA,29.7,17.82,31,0
C2B,Airlines,Online,Annual Silver Plan,378,SINGAPORE,216.0,54.0,21,0
JZI,Airlines,Online,Basic Plan,4,MALAYSIA,18.0,6.3,54,0
EPX,Travel Agency,Online,2 way Comprehensive Plan,13,MALAYSIA,20.0,0.0,41,0
EPX,Travel Agency,Online,Cancellation Plan,30,THAILAND,10.0,0.0,38,0
EPX,Travel Agency,Online,Cancellation Plan,16,THAILAND,47.0,0.0,35,0
CWT,Travel Agency,Online,Rental Vehicle Excess Insurance,10,AUSTRALIA,29.7,17.82,43,0
JZI,Airlines,Online,Basic Plan,39,MALAYSIA,22.0,7.7,56,0
C2B,Airlines,Online,Bronze Plan,9,SINGAPORE,35.25,8.81,57,0
CWT,Travel Agency,Online,Rental Vehicle Excess Insurance,27,UNITED STATES,29.7,17.82,38,0
CWT,Travel Agency,Online,Rental Vehicle Excess Insurance,20,MALAYSIA,29.7,17.82,38,0
C2B,Airlines,Online,Bronze Plan,20,SINGAPORE,34.5,8.63,27,0
EPX,Travel Agency,Online,2 way Comprehensive Plan,4,Other_Destination,28.0,0.0,36,0
EPX,Travel Agency,Online,Cancellation Plan,31,MALAYSIA,21.0,0.0,36,0
C2B,Airlines,Online,Silver Plan,13,SINGAPORE,18.5,4.63,26,0
EPX,Travel Agency,Online,2 way Comprehensive Plan,115,AUSTRALIA,112.0,0.0,36,0
EPX,Travel Agency,Online,Cancellation Plan,80,Other_Destination,71.0,0.0,36,0
EPX,Travel Agency,Online,Cancellation Plan,4,MALAYSIA,11.0,0.0,36,0
EPX,Travel Agency,Online,Cancellation Plan,3,SINGAPORE,32.0,0.0,36,0
EPX,Travel Agency,Online,Cancellation Plan,2,MALAYSIA,19.0,0.0,35,0
EPX,Travel Agency,Online,Cancellation Plan,15,SINGAPORE,19.0,0.0,36,0
EPX,Travel Agency,Online,Cancellation Plan,12,CHINA,10.0,0.0,36,0
JZI,Airlines,Online,Basic Plan,89,CHINA,22.0,7.7,40,0
JZI,Airlines,Online,Basic Plan,19,Other_Destination,22.0,7.7,47,0
EPX,Travel Agency,Online,Cancellation Plan,78,SINGAPORE,80.0,0.0,36,0
SSI,Airlines,Online,Other_Product,12,SINGAPORE,3.47,0.97,48,0
EPX,Travel Agency,Online,2 way Comprehensive Plan,11,THAILAND,44.0,0.0,36,0
EPX,Travel Agency,Online,Cancellation Plan,12,"KOREA, REPUBLIC OF",42.0,0.0,36,0
CWT,Travel Agency,Online,Rental Vehicle Excess Insurance,30,AUSTRALIA,39.6,23.76,31,0
EPX,Travel Agency,Online,Cancellation Plan,76,UNITED STATES,80.0,0.0,38,0
CWT,Travel Agency,Online,Rental Vehicle Excess Insurance,20,Other_Destination,49.5,29.7,43,0
EPX,Travel Agency,Online,2 way Comprehensive Plan,280,"TAIWAN, PROVINCE OF CHINA",20.0,0.0,64,0
EPX,Travel Agency,Online,Cancellation Plan,31,UNITED STATES,16.0,0.0,27,0
EPX,Travel Agency,Online,Cancellation Plan,44,THAILAND,19.0,0.0,35,0
CWT,Travel Agency,Online,Rental Vehicle Excess Insurance,2,MALAYSIA,19.8,11.88,26,0
C2B,Airlines,Online,Silver Plan,14,SINGAPORE,54.5,13.63,37,0
EPX,Travel Agency,Online,2 way Comprehensive Plan,18,PHILIPPINES,21.0,0.0,36,0
JZI,Airlines,Online,Basic Plan,10,THAILAND,30.0,10.5,38,0
EPX,Travel Agency,Online,Cancellation Plan,4,MALAYSIA,34.0,0.0,36,0
C2B,Airlines,Online,Bronze Plan,33,SINGAPORE,26.5,6.63,32,0
EPX,Travel Agency,Online,Cancellation Plan,3,MALAYSIA,10.0,0.0,61,0
JZI,Airlines,Online,Basic Plan,50,THAILAND,30.0,10.5,52,0
EPX,Travel Agency,Online,2 way Comprehensive Plan,68,AUSTRALIA,48.0,0.0,36,0
EPX,Travel Agency,Online,Cancellation Plan,67,MALAYSIA,15.0,0.0,36,0
CWT,Travel Agency,Online,Rental Vehicle Excess Insurance,18,THAILAND,19.8,11.88,42,0
EPX,Travel Agency,Online,Cancellation Plan,33,CHINA,16.0,0.0,36,0
EPX,Travel Agency,Online,Other_Product,3,THAILAND,20.0,0.0,26,0
SSI,Airlines,Online,Other_Product,39,SINGAPORE,1.35,0.38,48,0
C2B,Airlines,Online,Annual Silver Plan,365,SINGAPORE,161.0,40.25,73,0
CWT,Travel Agency,Online,Rental Vehicle Excess Insurance,31,AUSTRALIA,59.4,35.64,31,0
EPX,Travel Agency,Online,2 way Comprehensive Plan,103,AUSTRALIA,83.0,0.0,36,0
C2B,Airlines,Online,Bronze Plan,11,SINGAPORE,27.0,6.75,36,0
EPX,Travel Agency,Online,2 way Comprehensive Plan,7,PHILIPPINES,40.0,0.0,36,0
EPX,Travel Agency,Online,2 way Comprehensive Plan,144,INDONESIA,32.0,0.0,36,0
EPX,Travel Agency,Online,Cancellation Plan,13,JAPAN,35.0,0.0,36,0
C2B,Airlines,Online,Bronze Plan,37,SINGAPORE,13.5,3.38,22,0
EPX,Travel Agency,Online,Cancellation Plan,15,Other_Destination,30.0,0.0,36,0
CWT,Travel Agency,Online,Rental Vehicle Excess Insurance,27,Other_Destination,39.6,23.76,52,0
CWT,Travel Agency,Online,Rental Vehicle Excess Insurance,31,Other_Destination,19.8,11.88,49,0
CWT,Travel Agency,Online,Rental Vehicle Excess Insurance,14,AUSTRALIA,39.6,23.76,28,0
EPX,Travel Agency,Online,Cancellation Plan,93,Other_Destination,16.0,0.0,23,0
SSI,Airlines,Online,Other_Product,50,SINGAPORE,11.94,3.35,48,0
C2B,Airlines,Online,Silver Plan,62,SINGAPORE,63.5,15.88,31,0
EPX,Travel Agency,Online,2 way Comprehensive Plan,88,SINGAPORE,67.0,0.0,36,0
C2B,Airlines,Online,Silver Plan,10,SINGAPORE,95.0,23.75,37,0
EPX,Travel Agency,Online,Cancellation Plan,13,JAPAN,13.0,0.0,25,0
EPX,Travel Agency,Online,Cancellation Plan,4,THAILAND,32.0,0.0,36,0
EPX,Travel Agency,Online,Other_Product,10,MALAYSIA,20.0,0.0,45,0
EPX,Travel Agency,Online,Cancellation Plan,7,Other_Destination,53.0,0.0,36,0
EPX,Travel Agency,Online,Cancellation Plan,30,VIET NAM,17.0,0.0,35,0
CWT,Travel Agency,Online,Rental Vehicle Excess Insurance,3,MALAYSIA,29.7,17.82,33,0
EPX,Travel Agency,Online,Cancellation Plan,41,JAPAN,38.0,0.0,36,0
EPX,Travel Agency,Online,Cancellation Plan,2,INDONESIA,20.0,0.0,36,0
CWT,Travel Agency,Online,Rental Vehicle Excess Insurance,3,Other_Destination,19.8,11.88,31,0
JZI,Airlines,Online,Basic Plan,34,MALAYSIA,22.0,7.7,42,0
C2B,Airlines,Online,Annual Silver Plan,365,SINGAPORE,252.85,63.21,41,0
EPX,Travel Agency,Online,Cancellation Plan,22,JAPAN,80.0,0.0,36,0
EPX,Travel Agency,Online,2 way Comprehensive Plan,62,JAPAN,96.0,0.0,36,0
EPX,Travel Agency,Online,2 way Comprehensive Plan,42,CHINA,52.0,0.0,36,0
CWT,Travel Agency,Online,Rental Vehicle Excess Insurance,13,Other_Destination,49.5,29.7,51,0
EPX,Travel Agency,Online,Other_Product,12,AUSTRALIA,20.0,0.0,36,0
JZI,Airlines,Online,Other_Product,14,CHINA,69.0,24.15,55,0
CWT,Travel Agency,Online,Rental Vehicle Excess Insurance,14,AUSTRALIA,39.6,23.76,56,0
EPX,Travel Agency,Online,Other_Product,4,Other_Destination,38.0,0.0,35,0
EPX,Travel Agency,Online,Cancellation Plan,59,CHINA,56.0,0.0,36,0
JZI,Airlines,Online,Basic Plan,36,Other_Destination,37.0,12.95,33,0
EPX,Travel Agency,Online,2 way Comprehensive Plan,7,CHINA,51.0,0.0,36,0
RAB,Airlines,Online,Other_Product,7,Other_Destination,23.0,9.2,46,0
EPX,Travel Agency,Online,Cancellation Plan,72,JAPAN,20.0,0.0,36,0
EPX,Travel Agency,Online,Cancellation Plan,150,PHILIPPINES,10.0,0.0,36,0
TST,Travel Agency,Offline,Other_Product,74,MALAYSIA,30.0,10.5,61,0
EPX,Travel Agency,Online,2 way Comprehensive Plan,74,UNITED STATES,112.0,0.0,42,0
EPX,Travel Agency,Online,Cancellation Plan,13,"TAIWAN, PROVINCE OF CHINA",20.0,0.0,63,0
EPX,Travel Agency,Online,Cancellation Plan,23,"KOREA, REPUBLIC OF",43.0,0.0,36,0
CWT,Travel Agency,Online,Rental Vehicle Excess Insurance,22,MALAYSIA,29.7,17.82,42,0
C2B,Airlines,Online,Silver Plan,8,SINGAPORE,41.5,10.38,34,0
ART,Airlines,Online,Other_Product,1,MALAYSIA,8.28,2.9,48,0
CWT,Travel Agency,Online,Rental Vehicle Excess Insurance,28,"KOREA, REPUBLIC OF",39.6,23.76,31,0
JZI,Airlines,Online,Basic Plan,8,VIET NAM,18.0,6.3,59,0
EPX,Travel Agency,Online,2 way Comprehensive Plan,39,UNITED KINGDOM,76.0,0.0,36,0
EPX,Travel Agency,Online,Cancellation Plan,16,THAILAND,19.0,0.0,36,0
C2B,Airlines,Online,Bronze Plan,8,SINGAPORE,18.0,4.5,37,0
CWT,Travel Agency,Online,Rental Vehicle Excess Insurance,35,AUSTRALIA,59.4,35.64,71,0
CWT,Travel Agency,Online,Rental Vehicle Excess Insurance,23,AUSTRALIA,49.5,29.7,58,0
EPX,Travel Agency,Online,Cancellation Plan,49,UNITED KINGDOM,80.0,0.0,22,0
JZI,Airlines,Online,Basic Plan,2,THAILAND,18.0,6.3,47,0
RAB,Airlines,Online,Other_Product,57,Other_Destination,23.0,9.2,22,0
EPX,Travel Agency,Online,Cancellation Plan,32,INDONESIA,16.0,0.0,36,0
EPX,Travel Agency,Online,Cancellation Plan,60,Other_Destination,10.0,0.0,36,0
CWT,Travel Agency,Online,Rental Vehicle Excess Insurance,13,Other_Destination,99.0,59.4,51,0
EPX,Travel Agency,Online,2 way Comprehensive Plan,83,INDONESIA,20.0,0.0,37,0
LWC,Travel Agency,Online,Other_Product,9,"TAIWAN, PROVINCE OF CHINA",26.5,17.23,30,0
EPX,Travel Agency,Online,2 way Comprehensive Plan,73,"TAIWAN, PROVINCE OF CHINA",112.0,0.0,24,0
C2B,Airlines,Online,Bronze Plan,6,SINGAPORE,20.25,5.06,56,0
EPX,Travel Agency,Online,Other_Product,18,JAPAN,27.0,0.0,36,0
C2B,Airlines,Online,Silver Plan,19,SINGAPORE,56.7,14.18,24,0
EPX,Travel Agency,Online,2 way Comprehensive Plan,64,JAPAN,48.0,0.0,36,0
EPX,Travel Agency,Online,Cancellation Plan,5,VIET NAM,12.0,0.0,40,0
EPX,Travel Agency,Online,2 way Comprehensive Plan,48,Other_Destination,101.0,0.0,35,0
JZI,Airlines,Online,Basic Plan,8,THAILAND,22.0,7.7,56,0
EPX,Travel Agency,Online,Cancellation Plan,9,SINGAPORE,13.0,0.0,55,0
EPX,Travel Agency,Online,Cancellation Plan,2,HONG KONG,27.0,0.0,58,0
EPX,Travel Agency,Online,Cancellation Plan,8,Other_Destination,18.0,0.0,40,0
C2B,Airlines,Online,Silver Plan,5,SINGAPORE,36.75,9.19,62,0
EPX,Travel Agency,Online,2 way Comprehensive Plan,3,MALAYSIA,20.0,0.0,65,0
EPX,Travel Agency,Online,Cancellation Plan,61,INDONESIA,11.0,0.0,35,0
EPX,Travel Agency,Online,Cancellation Plan,42,VIET NAM,10.0,0.0,23,0
SSI,Airlines,Online,Other_Product,99,SINGAPORE,1.32,0.37,48,0
CSR,Travel Agency,Offline,Other_Product,79,MALAYSIA,29.0,9.57,66,0
C2B,Airlines,Online,Bronze Plan,21,SINGAPORE,35.25,8.81,27,0
JZI,Airlines,Online,Basic Plan,48,JAPAN,26.0,9.1,32,0
EPX,Travel Agency,Online,Cancellation Plan,14,PHILIPPINES,12.0,0.0,36,0
CWT,Travel Agency,Online,Rental Vehicle Excess Insurance,48,THAILAND,39.6,23.76,34,0
EPX,Travel Agency,Online,2 way Comprehensive Plan,62,"TAIWAN, PROVINCE OF CHINA",22.0,0.0,36,0
EPX,Travel Agency,Online,Cancellation Plan,2,UNITED STATES,80.0,0.0,37,0
C2B,Airlines,Online,Other_Product,5,SINGAPORE,53.25,13.31,33,0
EPX,Travel Agency,Online,Other_Product,23,SINGAPORE,29.0,0.0,36,0
EPX,Travel Agency,Online,2 way Comprehensive Plan,36,THAILAND,23.0,0.0,36,0
CWT,Travel Agency,Online,Rental Vehicle Excess Insurance,32,AUSTRALIA,69.3,41.58,25,0
EPX,Travel Agency,Online,2 way Comprehensive Plan,11,PHILIPPINES,20.0,0.0,36,0
EPX,Travel Agency,Online,Cancellation Plan,2,THAILAND,10.0,0.0,36,0
EPX,Travel Agency,Online,Cancellation Plan,11,"TAIWAN, PROVINCE OF CHINA",36.0,0.0,36,0
EPX,Travel Agency,Online,Cancellation Plan,38,CHINA,14.0,0.0,36,0
EPX,Travel Agency,Online,Cancellation Plan,4,CHINA,44.0,0.0,36,0
CWT,Travel Agency,Online,Rental Vehicle Excess Insurance,112,ITALY,39.6,23.76,31,0
EPX,Travel Agency,Online,2 way Comprehensive Plan,8,Other_Destination,68.0,0.0,35,0
RAB,Airlines,Online,Other_Product,35,Other_Destination,23.0,9.2,28,0
CWT,Travel Agency,Online,Rental Vehicle Excess Insurance,102,AUSTRALIA,59.4,35.64,48,0
EPX,Travel Agency,Online,2 way Comprehensive Plan,9,"TAIWAN, PROVINCE OF CHINA",64.0,0.0,36,0
CWT,Travel Agency,Online,Rental Vehicle Excess Insurance,140,Other_Destination,118.8,71.28,33,0
EPX,Travel Agency,Online,Cancellation Plan,67,Other_Destination,80.0,0.0,36,0
EPX,Travel Agency,Online,Cancellation Plan,84,CHINA,25.0,0.0,36,0
C2B,Airlines,Online,Silver Plan,50,SINGAPORE,82.55,20.64,28,0
JZI,Airlines,Online,Basic Plan,78,PHILIPPINES,33.0,11.55,36,0
EPX,Travel Agency,Online,2 way Comprehensive Plan,12,Other_Destination,50.0,0.0,36,0
EPX,Travel Agency,Online,Cancellation Plan,142,UNITED STATES,66.0,0.0,28,0
EPX,Travel Agency,Online,Cancellation Plan,107,Other_Destination,15.0,0.0,57,0
EPX,Travel Agency,Online,Cancellation Plan,86,JAPAN,47.0,0.0,36,0
CWT,Travel Agency,Online,Rental Vehicle Excess Insurance,5,Other_Destination,49.5,29.7,31,0
EPX,Travel Agency,Online,Cancellation Plan,4,CHINA,30.0,0.0,36,0
TST,Travel Agency,Offline,Other_Product,20,THAILAND,30.0,10.5,71,0
ART,Airlines,Online,Other_Product,8,SINGAPORE,35.0,12.25,48,0
CWT,Travel Agency,Online,Rental Vehicle Excess Insurance,76,THAILAND,49.5,29.7,54,0
CWT,Travel Agency,Online,Rental Vehicle Excess Insurance,12,Other_Destination,69.3,41.58,31,0
EPX,Travel Agency,Online,2 way Comprehensive Plan,12,CHINA,60.0,0.0,36,0
JZI,Airlines,Online,Basic Plan,10,CHINA,26.0,9.1,64,0
C2B,Airlines,Online,Bronze Plan,22,SINGAPORE,60.0,15.0,23,0
EPX,Travel Agency,Online,2 way Comprehensive Plan,16,THAILAND,20.0,0.0,20,0
CWT,Travel Agency,Online,Rental Vehicle Excess Insurance,18,AUSTRALIA,79.2,47.52,57,0
KML,Travel Agency,Online,Other_Product,55,Other_Destination,86.0,32.68,48,0
EPX,Travel Agency,Online,Cancellation Plan,90,"KOREA, REPUBLIC OF",25.0,0.0,31,0
C2B,Airlines,Online,Silver Plan,5,SINGAPORE,18.5,4.63,25,0
EPX,Travel Agency,Online,Cancellation Plan,303,Other_Destination,35.0,0.0,21,0
EPX,Travel Agency,Online,2 way Comprehensive Plan,23,AUSTRALIA,77.0,0.0,36,0
CWT,Travel Agency,Online,Rental Vehicle Excess Insurance,2,UNITED STATES,9.9,5.94,46,0
C2B,Airlines,Online,Bronze Plan,16,SINGAPORE,33.5,8.38,39,0
CWT,Travel Agency,Online,Rental Vehicle Excess Insurance,9,THAILAND,29.7,17.82,30,0
C2B,Airlines,Online,Silver Plan,21,SINGAPORE,72.0,18.0,37,0
EPX,Travel Agency,Online,Cancellation Plan,43,JAPAN,53.0,0.0,36,0
EPX,Travel Agency,Online,Cancellation Plan,22,INDONESIA,10.0,0.0,23,0
EPX,Travel Agency,Online,Cancellation Plan,71,MALAYSIA,10.0,0.0,58,0
EPX,Travel Agency,Online,Cancellation Plan,3,PHILIPPINES,12.0,0.0,26,0
EPX,Travel Agency,Online,2 way Comprehensive Plan,140,THAILAND,27.0,0.0,36,0
EPX,Travel Agency,Online,2 way Comprehensive Plan,75,ITALY,102.0,0.0,36,0
EPX,Travel Agency,Online,2 way Comprehensive Plan,159,THAILAND,20.0,0.0,31,0
JZI,Airlines,Online,Other_Product,49,AUSTRALIA,147.0,51.45,55,0
EPX,Travel Agency,Online,2 way Comprehensive Plan,63,THAILAND,20.0,0.0,32,0
C2B,Airlines,Online,Silver Plan,6,SINGAPORE,39.0,9.75,29,0
TST,Travel Agency,Offline,Other_Product,78,MALAYSIA,30.0,10.5,33,0
CWT,Travel Agency,Online,Rental Vehicle Excess Insurance,23,"KOREA, REPUBLIC OF",19.8,11.88,38,0
C2B,Airlines,Online,Silver Plan,17,SINGAPORE,29.5,7.38,34,0
C2B,Airlines,Online,Other_Product,19,SINGAPORE,33.5,8.38,32,0
EPX,Travel Agency,Online,Cancellation Plan,133,JAPAN,49.0,0.0,35,0
JZI,Airlines,Online,Other_Product,90,Other_Destination,109.0,38.15,30,0
CWT,Travel Agency,Online,Rental Vehicle Excess Insurance,4,Other_Destination,29.7,17.82,31,0
EPX,Travel Agency,Online,Cancellation Plan,6,THAILAND,32.0,0.0,23,0
JZI,Airlines,Online,Basic Plan,7,MALAYSIA,18.0,6.3,73,0
CWT,Travel Agency,Online,Rental Vehicle Excess Insurance,24,UNITED KINGDOM,19.8,11.88,34,0
C2B,Airlines,Online,Bronze Plan,11,SINGAPORE,26.5,6.63,41,0
EPX,Travel Agency,Online,Cancellation Plan,78,VIET NAM,17.0,0.0,58,0
EPX,Travel Agency,Online,Cancellation Plan,9,THAILAND,10.0,0.0,20,0
EPX,Travel Agency,Online,2 way Comprehensive Plan,19,THAILAND,46.0,0.0,36,0
EPX,Travel Agency,Online,Cancellation Plan,3,CHINA,32.0,0.0,36,0
EPX,Travel Agency,Online,Cancellation Plan,106,INDONESIA,17.0,0.0,40,0
EPX,Travel Agency,Online,Cancellation Plan,9,MALAYSIA,24.0,0.0,45,0
EPX,Travel Agency,Online,2 way Comprehensive Plan,6,SINGAPORE,42.0,0.0,29,0
EPX,Travel Agency,Online,2 way Comprehensive Plan,34,THAILAND,28.0,0.0,36,0
JZI,Airlines,Online,Other_Product,15,Other_Destination,109.0,38.15,45,0
EPX,Travel Agency,Online,Cancellation Plan,126,Other_Destination,44.0,0.0,36,0
EPX,Travel Agency,Online,2 way Comprehensive Plan,38,SINGAPORE,41.0,0.0,36,0
C2B,Airlines,Online,Silver Plan,32,SINGAPORE,25.0,6.25,26,0
EPX,Travel Agency,Online,Cancellation Plan,10,VIET NAM,10.0,0.0,62,0
EPX,Travel Agency,Online,Other_Product,21,INDONESIA,20.0,0.0,21,0
LWC,Travel Agency,Online,Other_Product,5,"KOREA, REPUBLIC OF",44.0,28.6,37,0
C2B,Airlines,Online,Bronze Plan,3,SINGAPORE,11.5,2.88,31,0
EPX,Travel Agency,Online,Cancellation Plan,7,THAILAND,15.0,0.0,24,0
EPX,Travel Agency,Online,Cancellation Plan,16,HONG KONG,16.0,0.0,33,0
EPX,Travel Agency,Online,2 way Comprehensive Plan,13,HONG KONG,34.0,0.0,36,0
CBH,Travel Agency,Offline,Other_Product,20,THAILAND,29.0,9.57,75,0
EPX,Travel Agency,Online,Cancellation Plan,51,JAPAN,15.0,0.0,36,0
JZI,Airlines,Online,Basic Plan,33,THAILAND,42.0,14.7,35,0
EPX,Travel Agency,Online,Cancellation Plan,4,SINGAPORE,18.0,0.0,36,0
EPX,Travel Agency,Online,2 way Comprehensive Plan,33,UNITED STATES,84.0,0.0,25,0
KML,Travel Agency,Online,Other_Product,95,Other_Destination,75.0,28.5,48,0
EPX,Travel Agency,Online,Cancellation Plan,58,MALAYSIA,10.0,0.0,28,0
EPX,Travel Agency,Online,Cancellation Plan,24,THAILAND,12.0,0.0,52,0
TST,Travel Agency,Offline,Other_Product,15,THAILAND,30.0,10.5,61,0
JZI,Airlines,Online,Basic Plan,3,MALAYSIA,18.0,6.3,53,0
EPX,Travel Agency,Online,Cancellation Plan,31,Other_Destination,10.0,0.0,27,0
EPX,Travel Agency,Online,Cancellation Plan,41,INDONESIA,11.0,0.0,36,0
JZI,Airlines,Online,Basic Plan,12,Other_Destination,22.0,7.7,23,0
JZI,Airlines,Online,Basic Plan,7,THAILAND,22.0,7.7,47,0
EPX,Travel Agency,Online,2 way Comprehensive Plan,107,JAPAN,94.0,0.0,36,0
EPX,Travel Agency,Online,2 way Comprehensive Plan,43,MALAYSIA,21.0,0.0,36,0
EPX,Travel Agency,Online,2 way Comprehensive Plan,29,Other_Destination,52.0,0.0,36,0
EPX,Travel Agency,Online,2 way Comprehensive Plan,38,MALAYSIA,20.0,0.0,36,0
EPX,Travel Agency,Online,Cancellation Plan,11,SINGAPORE,24.0,0.0,36,0
EPX,Travel Agency,Online,2 way Comprehensive Plan,13,JAPAN,20.0,0.0,39,0
EPX,Travel Agency,Online,Cancellation Plan,31,SINGAPORE,48.0,0.0,21,0
EPX,Travel Agency,Online,2 way Comprehensive Plan,26,VIET NAM,20.0,0.0,36,0
CWT,Travel Agency,Online,Rental Vehicle Excess Insurance,11,AUSTRALIA,39.6,23.76,47,0
EPX,Travel Agency,Online,Cancellation Plan,2,CHINA,20.0,0.0,36,0
EPX,Travel Agency,Online,Cancellation Plan,4,MALAYSIA,14.0,0.0,36,0
EPX,Travel Agency,Online,Cancellation Plan,78,Other_Destination,46.0,0.0,36,0
EPX,Travel Agency,Online,Other_Product,9,UNITED STATES,20.0,0.0,28,0
JZI,Airlines,Online,Basic Plan,33,PHILIPPINES,33.0,11.55,34,0
C2B,Airlines,Online,Bronze Plan,14,SINGAPORE,17.0,4.25,56,0
EPX,Travel Agency,Online,Cancellation Plan,11,UNITED STATES,80.0,0.0,42,0
C2B,Airlines,Online,Bronze Plan,27,SINGAPORE,39.0,9.75,39,0
KML,Travel Agency,Online,Other_Product,12,INDONESIA,48.0,18.24,48,0
C2B,Airlines,Online,Bronze Plan,5,SINGAPORE,28.5,7.13,36,0
SSI,Airlines,Online,Other_Product,73,SINGAPORE,16.2,4.54,48,0
EPX,Travel Agency,Online,Cancellation Plan,12,PHILIPPINES,10.0,0.0,41,0
CWT,Travel Agency,Online,Rental Vehicle Excess Insurance,8,AUSTRALIA,49.5,29.7,50,0
CWT,Travel Agency,Online,Rental Vehicle Excess Insurance,82,THAILAND,59.4,35.64,31,0
JZI,Airlines,Online,Basic Plan,2,MALAYSIA,18.0,6.3,53,0
C2B,Airlines,Online,Bronze Plan,10,SINGAPORE,20.0,5.0,30,0
C2B,Airlines,Online,Silver Plan,6,SINGAPORE,22.5,5.63,57,0
CWT,Travel Agency,Online,Rental Vehicle Excess Insurance,35,Other_Destination,49.5,29.7,56,0
CWT,Travel Agency,Online,Rental Vehicle Excess Insurance,13,MALAYSIA,9.9,5.94,54,0
EPX,Travel Agency,Online,2 way Comprehensive Plan,34,AUSTRALIA,62.0,0.0,36,0
JZI,Airlines,Online,Other_Product,19,THAILAND,39.0,13.65,51,0
EPX,Travel Agency,Online,Other_Product,40,SINGAPORE,31.0,0.0,36,0
CWT,Travel Agency,Online,Rental Vehicle Excess Insurance,5,Other_Destination,39.6,23.76,31,0
CCR,Travel Agency,Offline,Other_Product,142,THAILAND,29.0,9.57,56,0
EPX,Travel Agency,Online,2 way Comprehensive Plan,40,JAPAN,38.0,0.0,68,0
EPX,Travel Agency,Online,2 way Comprehensive Plan,11,THAILAND,22.0,0.0,47,0
C2B,Airlines,Online,Silver Plan,5,SINGAPORE,18.5,4.63,30,0
EPX,Travel Agency,Online,2 way Comprehensive Plan,41,Other_Destination,34.0,0.0,35,0
EPX,Travel Agency,Online,Other_Product,14,HONG KONG,24.0,0.0,36,0
CWT,Travel Agency,Online,Rental Vehicle Excess Insurance,21,AUSTRALIA,29.7,17.82,28,0
C2B,Airlines,Online,Silver Plan,20,SINGAPORE,72.0,18.0,57,0
JZI,Airlines,Online,Other_Product,21,CHINA,83.0,29.05,34,0
EPX,Travel Agency,Online,2 way Comprehensive Plan,89,AUSTRALIA,30.0,0.0,36,0
SSI,Airlines,Online,Other_Product,36,SINGAPORE,1.13,0.32,48,0
CWT,Travel Agency,Online,Rental Vehicle Excess Insurance,26,MALAYSIA,59.4,35.64,66,0
EPX,Travel Agency,Online,2 way Comprehensive Plan,12,PHILIPPINES,37.0,0.0,36,0
EPX,Travel Agency,Online,Cancellation Plan,61,UNITED STATES,10.0,0.0,30,0
CWT,Travel Agency,Online,Rental Vehicle Excess Insurance,44,Other_Destination,89.1,53.46,50,0
SSI,Airlines,Online,Other_Product,122,SINGAPORE,7.09,1.99,48,0
EPX,Travel Agency,Online,Other_Product,45,SINGAPORE,20.0,0.0,29,0
RAB,Airlines,Online,Other_Product,139,Other_Destination,23.0,9.2,33,0
C2B,Airlines,Online,Bronze Plan,9,SINGAPORE,17.55,4.39,24,0
EPX,Travel Agency,Online,Cancellation Plan,72,PHILIPPINES,11.0,0.0,36,0
EPX,Travel Agency,Online,Cancellation Plan,46,AUSTRALIA,53.0,0.0,36,0
EPX,Travel Agency,Online,2 way Comprehensive Plan,55,CHINA,34.0,0.0,36,0
EPX,Travel Agency,Online,Cancellation Plan,41,UNITED STATES,80.0,0.0,52,0
EPX,Travel Agency,Online,Cancellation Plan,16,HONG KONG,12.0,0.0,36,0
EPX,Travel Agency,Online,Cancellation Plan,4,MALAYSIA,10.0,0.0,36,0
C2B,Airlines,Online,Bronze Plan,3,SINGAPORE,20.25,5.06,49,0
JZI,Airlines,Online,Basic Plan,30,CHINA,44.0,15.4,52,0
EPX,Travel Agency,Online,2 way Comprehensive Plan,3,VIET NAM,20.0,0.0,36,0
JZI,Airlines,Online,Other_Product,182,UNITED STATES,138.0,48.3,40,0
JZI,Airlines,Online,Basic Plan,14,Other_Destination,30.0,10.5,21,0
CWT,Travel Agency,Online,Rental Vehicle Excess Insurance,56,AUSTRALIA,59.4,35.64,30,0
EPX,Travel Agency,Online,Cancellation Plan,5,Other_Destination,38.0,0.0,36,0
C2B,Airlines,Online,Bronze Plan,14,SINGAPORE,34.5,8.63,24,0
EPX,Travel Agency,Online,2 way Comprehensive Plan,51,AUSTRALIA,58.0,0.0,36,0
EPX,Travel Agency,Online,Cancellation Plan,5,Other_Destination,11.0,0.0,36,0
EPX,Travel Agency,Online,Cancellation Plan,27,HONG KONG,39.0,0.0,36,0
EPX,Travel Agency,Online,2 way Comprehensive Plan,10,CHINA,86.0,0.0,36,0
CWT,Travel Agency,Online,Rental Vehicle Excess Insurance,8,MALAYSIA,39.6,23.76,46,0
C2B,Airlines,Online,Bronze Plan,17,SINGAPORE,17.0,4.25,29,0
EPX,Travel Agency,Online,Cancellation Plan,96,THAILAND,18.0,0.0,23,0
EPX,Travel Agency,Online,2 way Comprehensive Plan,28,UNITED KINGDOM,65.0,0.0,36,0
EPX,Travel Agency,Online,2 way Comprehensive Plan,56,SINGAPORE,72.0,0.0,36,0
EPX,Travel Agency,Online,Cancellation Plan,10,CHINA,24.0,0.0,36,0
EPX,Travel Agency,Online,Cancellation Plan,16,UNITED KINGDOM,65.0,0.0,36,0
CWT,Travel Agency,Online,Rental Vehicle Excess Insurance,84,Other_Destination,29.7,17.82,44,0
CWT,Travel Agency,Online,Rental Vehicle Excess Insurance,6,MALAYSIA,29.7,17.82,26,0
EPX,Travel Agency,Online,2 way Comprehensive Plan,36,MALAYSIA,20.0,0.0,34,0
EPX,Travel Agency,Online,2 way Comprehensive Plan,17,VIET NAM,20.0,0.0,47,0
KML,Travel Agency,Online,Other_Product,57,INDONESIA,38.0,14.44,48,0
EPX,Travel Agency,Online,2 way Comprehensive Plan,14,MALAYSIA,22.0,0.0,36,0
EPX,Travel Agency,Online,Other_Product,20,UNITED KINGDOM,67.0,0.0,36,0
EPX,Travel Agency,Online,2 way Comprehensive Plan,25,UNITED STATES,22.0,0.0,34,0
EPX,Travel Agency,Online,2 way Comprehensive Plan,122,Other_Destination,54.0,0.0,36,0
TTW,Travel Agency,Offline,Other_Product,364,SINGAPORE,97.0,0.0,33,0
CWT,Travel Agency,Online,Rental Vehicle Excess Insurance,19,AUSTRALIA,59.4,35.64,41,0
JZI,Airlines,Online,Basic Plan,2,INDONESIA,18.0,6.3,39,0
EPX,Travel Agency,Online,Other_Product,1,THAILAND,20.0,0.0,40,0
CWT,Travel Agency,Online,Rental Vehicle Excess Insurance,3,"KOREA, REPUBLIC OF",29.7,17.82,26,0
C2B,Airlines,Online,Bronze Plan,5,SINGAPORE,16.0,4.0,39,0
JZI,Airlines,Online,Basic Plan,5,INDONESIA,22.0,7.7,54,0
C2B,Airlines,Online,Silver Plan,15,SINGAPORE,62.0,15.5,60,0
EPX,Travel Agency,Online,2 way Comprehensive Plan,6,INDONESIA,32.0,0.0,26,0
EPX,Travel Agency,Online,2 way Comprehensive Plan,26,CHINA,31.0,0.0,36,0
EPX,Travel Agency,Online,2 way Comprehensive Plan,20,MALAYSIA,20.0,0.0,26,0
EPX,Travel Agency,Online,Cancellation Plan,7,THAILAND,46.0,0.0,35,0
EPX,Travel Agency,Online,2 way Comprehensive Plan,21,PHILIPPINES,24.0,0.0,36,0
EPX,Travel Agency,Online,2 way Comprehensive Plan,19,"KOREA, REPUBLIC OF",112.0,0.0,36,0
CWT,Travel Agency,Online,Rental Vehicle Excess Insurance,6,MALAYSIA,39.6,23.76,31,0
EPX,Travel Agency,Online,Cancellation Plan,101,Other_Destination,26.0,0.0,36,0
CBH,Travel Agency,Offline,Other_Product,40,MALAYSIA,29.0,9.57,43,0
EPX,Travel Agency,Online,2 way Comprehensive Plan,10,HONG KONG,30.0,0.0,36,0
EPX,Travel Agency,Online,2 way Comprehensive Plan,55,"KOREA, REPUBLIC OF",43.0,0.0,36,0
CWT,Travel Agency,Online,Rental Vehicle Excess Insurance,217,Other_Destination,39.6,23.76,66,0
EPX,Travel Agency,Online,2 way Comprehensive Plan,9,HONG KONG,24.0,0.0,36,0
JZI,Airlines,Online,Basic Plan,5,Other_Destination,26.0,9.1,54,0
CWT,Travel Agency,Online,Rental Vehicle Excess Insurance,18,Other_Destination,49.5,29.7,57,0
C2B,Airlines,Online,Silver Plan,5,SINGAPORE,25.9,6.47,42,0
EPX,Travel Agency,Online,2 way Comprehensive Plan,11,HONG KONG,21.0,0.0,38,0
EPX,Travel Agency,Online,Cancellation Plan,56,SINGAPORE,80.0,0.0,46,0
JZI,Airlines,Online,Basic Plan,28,MALAYSIA,18.0,6.3,72,0
EPX,Travel Agency,Online,Cancellation Plan,138,Other_Destination,48.0,0.0,36,0
CWT,Travel Agency,Online,Rental Vehicle Excess Insurance,29,UNITED KINGDOM,29.7,17.82,45,0
CWT,Travel Agency,Online,Rental Vehicle Excess Insurance,9,THAILAND,39.6,23.76,27,0
EPX,Travel Agency,Online,Cancellation Plan,10,Other_Destination,13.0,0.0,36,0
EPX,Travel Agency,Online,2 way Comprehensive Plan,28,THAILAND,20.0,0.0,36,0
LWC,Travel Agency,Online,Other_Product,15,UNITED STATES,67.0,43.55,65,0
CWT,Travel Agency,Online,Rental Vehicle Excess Insurance,7,THAILAND,19.8,11.88,36,0
JZI,Airlines,Online,Basic Plan,11,CHINA,26.0,9.1,43,0
EPX,Travel Agency,Online,Cancellation Plan,21,CHINA,24.0,0.0,36,0
JZI,Airlines,Online,Basic Plan,15,CHINA,22.0,7.7,38,0
EPX,Travel Agency,Online,Cancellation Plan,147,CHINA,0.0,0.0,36,0
EPX,Travel Agency,Online,Cancellation Plan,25,JAPAN,48.0,0.0,36,0
EPX,Travel Agency,Online,2 way Comprehensive Plan,28,MALAYSIA,20.0,0.0,36,0
CWT,Travel Agency,Online,Rental Vehicle Excess Insurance,26,UNITED KINGDOM,69.3,41.58,31,0
C2B,Airlines,Online,Bronze Plan,16,SINGAPORE,14.95,3.74,34,0
EPX,Travel Agency,Online,Cancellation Plan,43,Other_Destination,114.0,0.0,36,0
C2B,Airlines,Online,Bronze Plan,3,SINGAPORE,17.25,4.31,48,0
EPX,Travel Agency,Online,2 way Comprehensive Plan,22,INDONESIA,28.0,0.0,36,0
SSI,Airlines,Online,Other_Product,38,SINGAPORE,6.56,1.84,48,0
CWT,Travel Agency,Online,Rental Vehicle Excess Insurance,22,ITALY,118.8,71.28,33,0
EPX,Travel Agency,Online,2 way Comprehensive Plan,66,CHINA,30.0,0.0,36,0
EPX,Travel Agency,Online,2 way Comprehensive Plan,10,VIET NAM,21.0,0.0,36,0
EPX,Travel Agency,Online,Cancellation Plan,43,THAILAND,12.0,0.0,36,0
EPX,Travel Agency,Online,Cancellation Plan,37,THAILAND,21.0,0.0,35,0
RAB,Airlines,Online,Other_Product,41,Other_Destination,23.0,9.2,21,0
EPX,Travel Agency,Online,Cancellation Plan,43,Other_Destination,18.0,0.0,34,0
EPX,Travel Agency,Online,Cancellation Plan,44,SINGAPORE,10.0,0.0,38,0
EPX,Travel Agency,Online,Cancellation Plan,49,THAILAND,10.0,0.0,36,0
EPX,Travel Agency,Online,Cancellation Plan,28,UNITED KINGDOM,75.0,0.0,36,0
EPX,Travel Agency,Online,Other_Product,14,PHILIPPINES,20.0,0.0,36,0
C2B,Airlines,Online,Bronze Plan,7,SINGAPORE,17.55,4.39,66,0
EPX,Travel Agency,Online,2 way Comprehensive Plan,235,PHILIPPINES,65.0,0.0,36,0
EPX,Travel Agency,Online,2 way Comprehensive Plan,15,PHILIPPINES,20.0,0.0,36,0
CWT,Travel Agency,Online,Rental Vehicle Excess Insurance,21,UNITED KINGDOM,79.2,47.52,63,0
EPX,Travel Agency,Online,2 way Comprehensive Plan,116,PHILIPPINES,30.0,0.0,39,0
EPX,Travel Agency,Online,Cancellation Plan,10,MALAYSIA,10.0,0.0,31,0
EPX,Travel Agency,Online,2 way Comprehensive Plan,90,MALAYSIA,20.0,0.0,36,0
EPX,Travel Agency,Online,2 way Comprehensive Plan,12,HONG KONG,28.0,0.0,36,0
SSI,Airlines,Online,Other_Product,29,SINGAPORE,12.35,3.46,48,0
CWT,Travel Agency,Online,Rental Vehicle Excess Insurance,31,AUSTRALIA,69.3,41.58,33,0
C2B,Airlines,Online,Silver Plan,16,SINGAPORE,18.5,4.63,20,0
CWT,Travel Agency,Online,Rental Vehicle Excess Insurance,71,Other_Destination,49.5,29.7,28,0
JZI,Airlines,Online,Basic Plan,32,"TAIWAN, PROVINCE OF CHINA",26.0,9.1,67,0
JZI,Airlines,Online,Other_Product,11,CHINA,45.0,15.75,45,0
EPX,Travel Agency,Online,Cancellation Plan,9,Other_Destination,39.0,0.0,35,0
JZI,Airlines,Online,Basic Plan,116,HONG KONG,26.0,9.1,59,0
CWT,Travel Agency,Online,Rental Vehicle Excess Insurance,3,Other_Destination,39.6,23.76,48,0
C2B,Airlines,Online,Silver Plan,86,SINGAPORE,109.0,27.25,47,0
EPX,Travel Agency,Online,2 way Comprehensive Plan,73,MALAYSIA,39.0,0.0,52,0
EPX,Travel Agency,Online,Cancellation Plan,54,PHILIPPINES,10.0,0.0,30,0
EPX,Travel Agency,Online,Cancellation Plan,23,MALAYSIA,16.0,0.0,36,0
EPX,Travel Agency,Online,2 way Comprehensive Plan,63,Other_Destination,26.0,0.0,36,0
EPX,Travel Agency,Online,Cancellation Plan,37,"TAIWAN, PROVINCE OF CHINA",15.0,0.0,30,0
JZI,Airlines,Online,Basic Plan,19,MALAYSIA,22.0,7.7,52,0
C2B,Airlines,Online,Bronze Plan,4,SINGAPORE,13.5,3.38,57,0
EPX,Travel Agency,Online,2 way Comprehensive Plan,4,CHINA,54.0,0.0,35,0
EPX,Travel Agency,Online,Other_Product,6,THAILAND,20.0,0.0,36,0
EPX,Travel Agency,Online,Other_Product,1,UNITED STATES,26.0,0.0,26,0
EPX,Travel Agency,Online,2 way Comprehensive Plan,9,MALAYSIA,20.0,0.0,40,0
JZI,Airlines,Online,Basic Plan,8,VIET NAM,18.0,6.3,51,0
JZI,Airlines,Online,Other_Product,44,AUSTRALIA,36.0,12.6,20,0
EPX,Travel Agency,Online,2 way Comprehensive Plan,74,PHILIPPINES,20.0,0.0,38,0
EPX,Travel Agency,Online,Cancellation Plan,12,UNITED STATES,80.0,0.0,48,0
EPX,Travel Agency,Online,Other_Product,11,Other_Destination,24.0,0.0,36,0
EPX,Travel Agency,Online,2 way Comprehensive Plan,115,HONG KONG,20.0,0.0,36,0
EPX,Travel Agency,Online,Cancellation Plan,7,Other_Destination,23.0,0.0,52,0
CWT,Travel Agency,Online,Rental Vehicle Excess Insurance,19,MALAYSIA,19.8,11.88,36,0
EPX,Travel Agency,Online,Cancellation Plan,8,HONG KONG,10.0,0.0,67,0
EPX,Travel Agency,Online,Other_Product,81,SINGAPORE,20.0,0.0,36,0
EPX,Travel Agency,Online,Cancellation Plan,78,Other_Destination,10.0,0.0,36,0
EPX,Travel Agency,Online,Cancellation Plan,8,THAILAND,10.0,0.0,64,0
EPX,Travel Agency,Online,Other_Product,25,CHINA,20.0,0.0,36,0
C2B,Airlines,Online,Bronze Plan,6,SINGAPORE,36.0,9.0,30,0
EPX,Travel Agency,Online,Cancellation Plan,14,THAILAND,14.0,0.0,48,0
EPX,Travel Agency,Online,2 way Comprehensive Plan,98,Other_Destination,34.0,0.0,36,0
EPX,Travel Agency,Online,Cancellation Plan,12,UNITED STATES,10.0,0.0,19,0
TST,Travel Agency,Offline,Other_Product,58,THAILAND,30.0,10.5,56,0
CWT,Travel Agency,Online,Rental Vehicle Excess Insurance,11,ITALY,99.0,59.4,51,0
CWT,Travel Agency,Online,Rental Vehicle Excess Insurance,13,UNITED STATES,49.5,29.7,53,0
EPX,Travel Agency,Online,Cancellation Plan,8,INDONESIA,34.0,0.0,36,0
JZI,Airlines,Online,Basic Plan,5,CHINA,26.0,9.1,36,0
C2B,Airlines,Online,Bronze Plan,13,SINGAPORE,23.0,5.75,23,0
EPX,Travel Agency,Online,2 way Comprehensive Plan,40,CHINA,41.0,0.0,36,0
EPX,Travel Agency,Online,2 way Comprehensive Plan,36,INDONESIA,27.0,0.0,36,0
JZI,Airlines,Online,Basic Plan,16,CHINA,26.0,9.1,55,0
EPX,Travel Agency,Online,Cancellation Plan,25,PHILIPPINES,13.0,0.0,36,0
JZI,Airlines,Online,Basic Plan,14,CHINA,40.0,14.0,26,0
EPX,Travel Agency,Online,2 way Comprehensive Plan,9,UNITED STATES,47.0,0.0,47,0
TTW,Travel Agency,Offline,Other_Product,365,SINGAPORE,97.0,0.0,51,0
EPX,Travel Agency,Online,2 way Comprehensive Plan,226,INDONESIA,20.0,0.0,46,0
SSI,Airlines,Online,Other_Product,59,SINGAPORE,2.33,0.65,48,0
EPX,Travel Agency,Online,2 way Comprehensive Plan,95,THAILAND,20.0,0.0,36,0
EPX,Travel Agency,Online,Cancellation Plan,4,Other_Destination,32.0,0.0,35,0
EPX,Travel Agency,Online,Cancellation Plan,12,THAILAND,15.0,0.0,40,0
CWT,Travel Agency,Online,Rental Vehicle Excess Insurance,16,UNITED STATES,69.3,41.58,43,0
LWC,Travel Agency,Online,Other_Product,29,Other_Destination,81.0,52.65,28,0
EPX,Travel Agency,Online,2 way Comprehensive Plan,19,VIET NAM,20.0,0.0,36,0
JZI,Airlines,Online,Basic Plan,46,CHINA,35.0,12.25,52,0
C2B,Airlines,Online,Silver Plan,79,SINGAPORE,63.5,15.88,29,0
EPX,Travel Agency,Online,2 way Comprehensive Plan,103,"KOREA, REPUBLIC OF",65.0,0.0,36,0
C2B,Airlines,Online,Bronze Plan,32,SINGAPORE,44.85,11.21,27,0
EPX,Travel Agency,Online,Other_Product,1,UNITED STATES,28.0,0.0,45,0
EPX,Travel Agency,Online,Cancellation Plan,4,Other_Destination,0.0,0.0,36,0
ART,Airlines,Online,Other_Product,25,CHINA,51.0,17.85,55,0
C2B,Airlines,Online,Annual Silver Plan,382,SINGAPORE,216.0,54.0,31,0
EPX,Travel Agency,Online,Cancellation Plan,27,VIET NAM,28.0,0.0,36,0
CWT,Travel Agency,Online,Rental Vehicle Excess Insurance,12,AUSTRALIA,79.2,47.52,57,0
EPX,Travel Agency,Online,Cancellation Plan,2,"KOREA, REPUBLIC OF",38.0,0.0,36,0
EPX,Travel Agency,Online,2 way Comprehensive Plan,62,JAPAN,47.0,0.0,36,0
EPX,Travel Agency,Online,Cancellation Plan,7,THAILAND,17.0,0.0,65,0
EPX,Travel Agency,Online,2 way Comprehensive Plan,3,INDONESIA,43.0,0.0,36,0
EPX,Travel Agency,Online,2 way Comprehensive Plan,6,HONG KONG,74.0,0.0,26,0
EPX,Travel Agency,Online,Cancellation Plan,67,UNITED STATES,30.0,0.0,61,0
EPX,Travel Agency,Online,Other_Product,65,SINGAPORE,66.0,0.0,36,0
CWT,Travel Agency,Online,Rental Vehicle Excess Insurance,30,Other_Destination,9.9,5.94,51,0
EPX,Travel Agency,Online,Cancellation Plan,9,PHILIPPINES,21.0,0.0,36,0
EPX,Travel Agency,Online,2 way Comprehensive Plan,56,THAILAND,30.0,0.0,28,0
CWT,Travel Agency,Online,Rental Vehicle Excess Insurance,35,Other_Destination,99.0,59.4,31,0
C2B,Airlines,Online,Silver Plan,35,SINGAPORE,78.5,19.63,16,0
C2B,Airlines,Online,Silver Plan,44,SINGAPORE,22.5,5.63,25,0
CWT,Travel Agency,Online,Rental Vehicle Excess Insurance,65,AUSTRALIA,69.3,41.58,50,0
EPX,Travel Agency,Online,2 way Comprehensive Plan,22,HONG KONG,86.0,0.0,36,0
EPX,Travel Agency,Online,2 way Comprehensive Plan,43,THAILAND,41.0,0.0,36,0
EPX,Travel Agency,Online,Cancellation Plan,61,PHILIPPINES,15.0,0.0,36,0
C2B,Airlines,Online,Bronze Plan,51,SINGAPORE,56.5,14.13,31,0
EPX,Travel Agency,Online,2 way Comprehensive Plan,22,THAILAND,20.0,0.0,49,0
EPX,Travel Agency,Online,Cancellation Plan,135,UNITED KINGDOM,62.0,0.0,36,0
EPX,Travel Agency,Online,Cancellation Plan,10,CHINA,80.0,0.0,64,0
EPX,Travel Agency,Online,2 way Comprehensive Plan,20,ITALY,83.0,0.0,36,0
EPX,Travel Agency,Online,Cancellation Plan,19,INDONESIA,25.0,0.0,36,0
EPX,Travel Agency,Online,2 way Comprehensive Plan,14,CHINA,34.0,0.0,36,0
C2B,Airlines,Online,Other_Product,13,SINGAPORE,99.45,24.86,30,0
JZI,Airlines,Online,Basic Plan,5,INDONESIA,18.0,6.3,27,0
CWT,Travel Agency,Online,Rental Vehicle Excess Insurance,37,UNITED STATES,69.3,41.58,61,0
EPX,Travel Agency,Online,Cancellation Plan,69,Other_Destination,80.0,0.0,24,0
EPX,Travel Agency,Online,Cancellation Plan,11,CHINA,80.0,0.0,36,0
EPX,Travel Agency,Online,Other_Product,1,THAILAND,20.0,0.0,43,0
EPX,Travel Agency,Online,2 way Comprehensive Plan,56,JAPAN,50.0,0.0,36,0
EPX,Travel Agency,Online,2 way Comprehensive Plan,38,Other_Destination,82.0,0.0,36,0
JZI,Airlines,Online,Basic Plan,17,PHILIPPINES,33.0,11.55,38,0
EPX,Travel Agency,Online,Cancellation Plan,51,SINGAPORE,61.0,0.0,36,0
C2B,Airlines,Online,Bronze Plan,22,SINGAPORE,20.0,5.0,73,0
EPX,Travel Agency,Online,Cancellation Plan,8,THAILAND,22.0,0.0,45,0
CWT,Travel Agency,Online,Rental Vehicle Excess Insurance,50,JAPAN,39.6,23.76,57,0
EPX,Travel Agency,Online,Cancellation Plan,9,Other_Destination,26.0,0.0,36,0
EPX,Travel Agency,Online,Cancellation Plan,15,SINGAPORE,29.0,0.0,36,0
EPX,Travel Agency,Online,Other_Product,2,SINGAPORE,20.0,0.0,35,0
EPX,Travel Agency,Online,2 way Comprehensive Plan,63,THAILAND,27.0,0.0,36,0
JZI,Airlines,Online,Basic Plan,15,CHINA,26.0,9.1,67,0
C2B,Airlines,Online,Annual Silver Plan,376,SINGAPORE,252.85,63.21,43,1
JZI,Airlines,Online,Basic Plan,12,VIET NAM,30.0,10.5,35,1
C2B,Airlines,Online,Bronze Plan,30,SINGAPORE,16.0,4.0,58,1
EPX,Travel Agency,Online,2 way Comprehensive Plan,156,JAPAN,26.0,0.0,36,1
C2B,Airlines,Online,Bronze Plan,11,SINGAPORE,17.0,4.25,52,1
CWT,Travel Agency,Online,Rental Vehicle Excess Insurance,14,MALAYSIA,19.8,11.88,25,1
C2B,Airlines,Online,Silver Plan,13,SINGAPORE,76.3,19.07,35,1
C2B,Airlines,Online,Bronze Plan,58,SINGAPORE,62.0,15.5,23,1
C2B,Airlines,Online,Silver Plan,19,SINGAPORE,22.5,5.63,22,1
JZI,Airlines,Online,Other_Product,9,AUSTRALIA,45.0,15.75,45,1
C2B,Airlines,Online,Bronze Plan,40,SINGAPORE,72.5,18.13,26,1
EPX,Travel Agency,Online,Cancellation Plan,8,INDONESIA,12.0,0.0,45,1
C2B,Airlines,Online,Silver Plan,11,SINGAPORE,39.0,9.75,24,1
TST,Travel Agency,Offline,Other_Product,31,MALAYSIA,30.0,10.5,14,1
C2B,Airlines,Online,Silver Plan,66,SINGAPORE,72.0,18.0,34,1
C2B,Airlines,Online,Other_Product,20,SINGAPORE,60.0,15.0,75,1
EPX,Travel Agency,Online,2 way Comprehensive Plan,80,UNITED KINGDOM,62.0,0.0,36,1
EPX,Travel Agency,Online,2 way Comprehensive Plan,50,UNITED STATES,112.0,0.0,30,1
EPX,Travel Agency,Online,2 way Comprehensive Plan,21,CHINA,35.0,0.0,36,1
C2B,Airlines,Online,Annual Silver Plan,364,SINGAPORE,216.0,54.0,42,1
EPX,Travel Agency,Online,Cancellation Plan,32,VIET NAM,12.0,0.0,35,1
CWT,Travel Agency,Online,Rental Vehicle Excess Insurance,58,ITALY,69.3,41.58,31,1
CWT,Travel Agency,Online,Rental Vehicle Excess Insurance,11,AUSTRALIA,39.6,23.76,30,1
SSI,Airlines,Online,Other_Product,40,SINGAPORE,6.69,1.88,48,1
C2B,Airlines,Online,Bronze Plan,18,SINGAPORE,34.5,8.63,30,1
C2B,Airlines,Online,Bronze Plan,20,SINGAPORE,23.0,5.75,30,1
EPX,Travel Agency,Online,2 way Comprehensive Plan,95,PHILIPPINES,23.0,0.0,36,1
CWT,Travel Agency,Online,Rental Vehicle Excess Insurance,55,Other_Destination,69.3,41.58,30,1
C2B,Airlines,Online,Bronze Plan,5,SINGAPORE,16.0,4.0,26,1
C2B,Airlines,Online,Silver Plan,20,SINGAPORE,81.5,20.38,45,1
C2B,Airlines,Online,Bronze Plan,16,SINGAPORE,47.0,11.75,22,1
CWT,Travel Agency,Online,Rental Vehicle Excess Insurance,8,MALAYSIA,49.5,29.7,38,1
EPX,Travel Agency,Online,Cancellation Plan,38,THAILAND,13.0,0.0,30,1
C2B,Airlines,Online,Silver Plan,53,SINGAPORE,63.5,15.88,36,1
C2B,Airlines,Online,Bronze Plan,6,SINGAPORE,23.5,5.88,39,1
EPX,Travel Agency,Online,2 way Comprehensive Plan,80,PHILIPPINES,41.0,0.0,36,1
EPX,Travel Agency,Online,2 way Comprehensive Plan,6,CHINA,73.0,0.0,36,1
EPX,Travel Agency,Online,2 way Comprehensive Plan,48,Other_Destination,21.0,0.0,36,1
C2B,Airlines,Online,Bronze Plan,5,SINGAPORE,16.0,4.0,29,1
C2B,Airlines,Online,Annual Silver Plan,366,SINGAPORE,252.85,63.21,22,1
EPX,Travel Agency,Online,2 way Comprehensive Plan,37,Other_Destination,112.0,0.0,36,1
C2B,Airlines,Online,Silver Plan,52,SINGAPORE,63.5,15.88,35,1
C2B,Airlines,Online,Bronze Plan,15,SINGAPORE,29.9,7.47,26,1
CWT,Travel Agency,Online,Rental Vehicle Excess Insurance,13,UNITED KINGDOM,99.0,59.4,56,1
EPX,Travel Agency,Online,2 way Comprehensive Plan,29,THAILAND,35.0,0.0,36,1
C2B,Airlines,Online,Silver Plan,16,SINGAPORE,74.25,18.56,27,1
C2B,Airlines,Online,Annual Silver Plan,365,SINGAPORE,252.85,63.21,39,1
C2B,Airlines,Online,Silver Plan,34,SINGAPORE,112.5,28.13,28,1
CWT,Travel Agency,Online,Rental Vehicle Excess Insurance,118,Other_Destination,69.3,41.58,50,1
EPX,Travel Agency,Online,2 way Comprehensive Plan,113,Other_Destination,110.0,0.0,36,1
TST,Travel Agency,Offline,Other_Product,17,MALAYSIA,30.0,10.5,58,1
C2B,Airlines,Online,Annual Silver Plan,380,SINGAPORE,161.0,40.25,27,1
C2B,Airlines,Online,Bronze Plan,29,SINGAPORE,18.0,4.5,35,1
EPX,Travel Agency,Online,2 way Comprehensive Plan,27,VIET NAM,33.0,0.0,36,1
C2B,Airlines,Online,Bronze Plan,11,SINGAPORE,27.0,6.75,37,1
C2B,Airlines,Online,Silver Plan,6,SINGAPORE,22.5,5.63,56,1
JZI,Airlines,Online,Other_Product,105,"KOREA, REPUBLIC OF",45.0,15.75,19,1
C2B,Airlines,Online,Silver Plan,8,SINGAPORE,37.0,9.25,28,1
C2B,Airlines,Online,Annual Silver Plan,365,SINGAPORE,187.85,46.96,46,1
CWT,Travel Agency,Online,Rental Vehicle Excess Insurance,85,Other_Destination,59.4,35.64,61,1
EPX,Travel Agency,Online,2 way Comprehensive Plan,11,"KOREA, REPUBLIC OF",69.0,0.0,36,1
C2B,Airlines,Online,Bronze Plan,12,SINGAPORE,21.0,5.25,28,1
EPX,Travel Agency,Online,Cancellation Plan,28,SINGAPORE,10.0,0.0,32,1
C2B,Airlines,Online,Silver Plan,51,SINGAPORE,100.5,25.13,25,1
C2B,Airlines,Online,Annual Silver Plan,396,SINGAPORE,259.2,64.8,57,1
C2B,Airlines,Online,Bronze Plan,2,SINGAPORE,27.0,6.75,22,1
LWC,Travel Agency,Online,Other_Product,147,JAPAN,63.0,40.95,31,1
C2B,Airlines,Online,Silver Plan,5,SINGAPORE,18.5,4.63,65,1
CWT,Travel Agency,Online,Rental Vehicle Excess Insurance,6,THAILAND,39.6,23.76,31,1
C2B,Airlines,Online,Silver Plan,13,SINGAPORE,54.5,13.63,32,1
C2B,Airlines,Online,Silver Plan,29,SINGAPORE,48.5,12.13,28,1
EPX,Travel Agency,Online,2 way Comprehensive Plan,26,"KOREA, REPUBLIC OF",50.0,0.0,36,1
C2B,Airlines,Online,Bronze Plan,7,SINGAPORE,23.5,5.88,52,1
CWT,Travel Agency,Online,Rental Vehicle Excess Insurance,26,Other_Destination,99.0,59.4,64,1
C2B,Airlines,Online,Bronze Plan,89,SINGAPORE,33.5,8.38,22,1
RAB,Airlines,Online,Other_Product,7,Other_Destination,15.0,6.0,69,1
C2B,Airlines,Online,Bronze Plan,50,SINGAPORE,72.0,18.0,33,1
C2B,Airlines,Online,Bronze Plan,2,SINGAPORE,13.5,3.38,37,1
C2B,Airlines,Online,Bronze Plan,21,SINGAPORE,47.0,11.75,41,1
C2B,Airlines,Online,Annual Silver Plan,365,SINGAPORE,216.0,54.0,33,1
JZI,Airlines,Online,Basic Plan,3,HONG KONG,22.0,7.7,59,1
JZI,Airlines,Online,Basic Plan,25,CHINA,35.0,12.25,50,1
EPX,Travel Agency,Online,2 way Comprehensive Plan,9,CHINA,87.0,0.0,36,1
C2B,Airlines,Online,Silver Plan,15,SINGAPORE,33.5,8.38,24,1
CWT,Travel Agency,Online,Rental Vehicle Excess Insurance,12,THAILAND,79.2,47.52,60,1
C2B,Airlines,Online,Silver Plan,6,SINGAPORE,29.0,7.25,34,1
C2B,Airlines,Online,Silver Plan,15,SINGAPORE,63.5,15.88,27,1
C2B,Airlines,Online,Annual Silver Plan,365,SINGAPORE,216.0,54.0,45,1
C2B,Airlines,Online,Bronze Plan,168,SINGAPORE,29.5,7.38,30,1
C2B,Airlines,Online,Bronze Plan,66,SINGAPORE,86.0,21.5,21,1
C2B,Airlines,Online,Bronze Plan,5,SINGAPORE,17.55,4.39,32,1
C2B,Airlines,Online,Bronze Plan,6,SINGAPORE,18.0,4.5,56,1
CWT,Travel Agency,Online,Rental Vehicle Excess Insurance,9,AUSTRALIA,69.3,41.58,34,1
JZI,Airlines,Online,Basic Plan,95,"KOREA, REPUBLIC OF",35.0,12.25,26,1
EPX,Travel Agency,Online,2 way Comprehensive Plan,30,UNITED KINGDOM,73.0,0.0,36,1
C2B,Airlines,Online,Annual Silver Plan,378,SINGAPORE,216.0,54.0,73,1
C2B,Airlines,Online,Bronze Plan,13,SINGAPORE,33.5,8.38,35,1
C2B,Airlines,Online,Annual Silver Plan,366,SINGAPORE,216.0,54.0,42,1
CCR,Travel Agency,Offline,Other_Product,4,MALAYSIA,29.0,9.57,25,1
C2B,Airlines,Online,Bronze Plan,39,SINGAPORE,30.55,7.64,34,1
C2B,Airlines,Online,Annual Silver Plan,368,SINGAPORE,187.85,46.96,27,1
C2B,Airlines,Online,Bronze Plan,6,SINGAPORE,18.0,4.5,27,1
C2B,Airlines,Online,Bronze Plan,32,SINGAPORE,33.5,8.38,57,1
C2B,Airlines,Online,Bronze Plan,3,SINGAPORE,13.5,3.38,37,1
C2B,Airlines,Online,Bronze Plan,79,SINGAPORE,178.0,44.5,29,1
C2B,Airlines,Online,Bronze Plan,17,SINGAPORE,26.5,6.63,28,1
C2B,Airlines,Online,Bronze Plan,38,SINGAPORE,60.0,15.0,34,1
EPX,Travel Agency,Online,2 way Comprehensive Plan,36,HONG KONG,68.0,0.0,36,1
C2B,Airlines,Online,Silver Plan,18,SINGAPORE,29.5,7.38,53,1
C2B,Airlines,Online,Bronze Plan,8,SINGAPORE,17.0,4.25,34,1
C2B,Airlines,Online,Bronze Plan,96,SINGAPORE,80.25,20.06,45,1
LWC,Travel Agency,Online,Other_Product,5,CHINA,42.0,27.3,46,1
C2B,Airlines,Online,Silver Plan,13,SINGAPORE,54.5,13.63,25,1
C2B,Airlines,Online,Bronze Plan,10,SINGAPORE,27.0,6.75,23,1
C2B,Airlines,Online,Other_Product,33,SINGAPORE,68.6,17.15,72,1
CWT,Travel Agency,Online,Rental Vehicle Excess Insurance,7,AUSTRALIA,39.6,23.76,31,1
C2B,Airlines,Online,Bronze Plan,71,SINGAPORE,33.5,8.38,28,1
C2B,Airlines,Online,Bronze Plan,36,SINGAPORE,40.0,10.0,33,1
EPX,Travel Agency,Online,2 way Comprehensive Plan,120,"KOREA, REPUBLIC OF",31.0,0.0,25,1
C2B,Airlines,Online,Bronze Plan,17,SINGAPORE,27.0,6.75,41,1
C2B,Airlines,Online,Annual Silver Plan,365,SINGAPORE,252.85,63.21,62,1
C2B,Airlines,Online,Annual Silver Plan,365,SINGAPORE,252.85,63.21,57,1
C2B,Airlines,Online,Bronze Plan,115,SINGAPORE,33.5,8.38,35,1
C2B,Airlines,Online,Annual Silver Plan,364,SINGAPORE,216.0,54.0,28,1
EPX,Travel Agency,Online,2 way Comprehensive Plan,62,AUSTRALIA,57.0,0.0,36,1
C2B,Airlines,Online,Annual Silver Plan,366,SINGAPORE,252.85,63.21,45,1
KML,Travel Agency,Offline,Other_Product,2,INDONESIA,29.0,11.02,35,1
C2B,Airlines,Online,Bronze Plan,6,SINGAPORE,13.5,3.38,60,1
C2B,Airlines,Online,Bronze Plan,13,SINGAPORE,47.0,11.75,38,1
C2B,Airlines,Online,Silver Plan,20,SINGAPORE,72.0,18.0,23,1
CWT,Travel Agency,Online,Rental Vehicle Excess Insurance,12,MALAYSIA,29.7,17.82,28,1
EPX,Travel Agency,Online,2 way Comprehensive Plan,47,Other_Destination,77.0,0.0,36,1
C2B,Airlines,Online,Silver Plan,11,SINGAPORE,39.0,9.75,31,1
EPX,Travel Agency,Online,2 way Comprehensive Plan,51,UNITED STATES,112.0,0.0,45,1
C2B,Airlines,Online,Annual Silver Plan,368,SINGAPORE,252.85,63.21,35,1
EPX,Travel Agency,Online,Cancellation Plan,224,Other_Destination,80.0,0.0,29,1
C2B,Airlines,Online,Silver Plan,10,SINGAPORE,50.0,12.5,50,1
EPX,Travel Agency,Online,2 way Comprehensive Plan,8,CHINA,69.0,0.0,36,1
C2B,Airlines,Online,Annual Silver Plan,377,SINGAPORE,216.0,54.0,44,1
EPX,Travel Agency,Online,2 way Comprehensive Plan,177,UNITED STATES,112.0,0.0,53,1
JZI,Airlines,Online,Basic Plan,71,Other_Destination,44.0,15.4,50,1
CWT,Travel Agency,Online,Rental Vehicle Excess Insurance,10,ITALY,99.0,59.4,35,1
C2B,Airlines,Online,Silver Plan,12,SINGAPORE,18.5,4.63,36,1
C2B,Airlines,Online,Bronze Plan,10,SINGAPORE,17.0,4.25,43,1
C2B,Airlines,Online,Bronze Plan,66,SINGAPORE,62.0,15.5,25,1
EPX,Travel Agency,Online,2 way Comprehensive Plan,12,CHINA,36.0,0.0,36,1
CWT,Travel Agency,Online,Rental Vehicle Excess Insurance,31,THAILAND,69.3,41.58,33,1
CWT,Travel Agency,Online,Rental Vehicle Excess Insurance,52,AUSTRALIA,79.2,47.52,31,1
C2B,Airlines,Online,Bronze Plan,55,SINGAPORE,53.5,13.38,67,1
C2B,Airlines,Online,Bronze Plan,7,SINGAPORE,20.0,5.0,30,1
EPX,Travel Agency,Online,2 way Comprehensive Plan,10,CHINA,39.0,0.0,36,1
EPX,Travel Agency,Online,2 way Comprehensive Plan,12,HONG KONG,29.0,0.0,36,1
EPX,Travel Agency,Online,2 way Comprehensive Plan,107,UNITED KINGDOM,88.0,0.0,36,1
C2B,Airlines,Online,Bronze Plan,8,SINGAPORE,30.55,7.64,30,1
C2B,Airlines,Online,Bronze Plan,12,SINGAPORE,40.0,10.0,31,1
C2B,Airlines,Online,Annual Silver Plan,375,SINGAPORE,187.85,46.96,38,1
C2B,Airlines,Online,Annual Silver Plan,398,SINGAPORE,280.8,70.2,26,1
C2B,Airlines,Online,Other_Product,14,SINGAPORE,76.5,19.13,51,1
EPX,Travel Agency,Online,2 way Comprehensive Plan,31,INDONESIA,29.0,0.0,36,1
C2B,Airlines,Online,Annual Silver Plan,368,SINGAPORE,216.0,54.0,58,1
C2B,Airlines,Online,Bronze Plan,6,SINGAPORE,21.0,5.25,30,1
C2B,Airlines,Online,Silver Plan,62,SINGAPORE,63.5,15.88,29,1
EPX,Travel Agency,Online,2 way Comprehensive Plan,31,Other_Destination,90.0,0.0,36,1
C2B,Airlines,Online,Annual Silver Plan,365,SINGAPORE,187.85,46.96,47,1
C2B,Airlines,Online,Annual Silver Plan,364,SINGAPORE,252.85,63.21,42,1
LWC,Travel Agency,Online,Other_Product,32,"KOREA, REPUBLIC OF",26.5,17.23,77,1
C2B,Airlines,Online,Annual Silver Plan,364,SINGAPORE,252.85,63.21,50,1
JZI,Airlines,Online,Basic Plan,42,"KOREA, REPUBLIC OF",40.0,14.0,28,1
C2B,Airlines,Online,Bronze Plan,8,SINGAPORE,23.5,5.88,25,1
EPX,Travel Agency,Online,2 way Comprehensive Plan,63,UNITED STATES,90.0,0.0,69,1
CWT,Travel Agency,Online,Rental Vehicle Excess Insurance,51,Other_Destination,79.2,47.52,58,1
C2B,Airlines,Online,Annual Silver Plan,366,SINGAPORE,216.0,54.0,51,1
EPX,Travel Agency,Online,Cancellation Plan,217,Other_Destination,66.0,0.0,36,1
C2B,Airlines,Online,Bronze Plan,3,SINGAPORE,19.2,4.8,24,1
EPX,Travel Agency,Online,Cancellation Plan,3,MALAYSIA,34.0,0.0,36,1
CWT,Travel Agency,Online,Rental Vehicle Excess Insurance,61,AUSTRALIA,49.5,29.7,31,1
C2B,Airlines,Online,Bronze Plan,11,SINGAPORE,29.5,7.38,33,1
C2B,Airlines,Online,Annual Silver Plan,364,SINGAPORE,252.85,63.21,31,1
C2B,Airlines,Online,Silver Plan,10,SINGAPORE,43.55,10.89,45,1
C2B,Airlines,Online,Bronze Plan,46,SINGAPORE,65.65,16.41,25,1
C2B,Airlines,Online,Bronze Plan,10,SINGAPORE,27.0,6.75,29,1
EPX,Travel Agency,Online,Cancellation Plan,6,Other_Destination,43.0,0.0,36,1
C2B,Airlines,Online,Silver Plan,14,SINGAPORE,62.0,15.5,26,1
EPX,Travel Agency,Online,Cancellation Plan,55,UNITED STATES,80.0,0.0,27,1
C2B,Airlines,Online,Bronze Plan,14,SINGAPORE,22.1,5.53,26,1
SSI,Airlines,Online,Other_Product,65,SINGAPORE,4.76,1.33,48,1
TTW,Travel Agency,Offline,Other_Product,366,SINGAPORE,86.0,0.0,38,1
C2B,Airlines,Online,Silver Plan,91,SINGAPORE,56.5,14.13,18,1
EPX,Travel Agency,Online,2 way Comprehensive Plan,66,PHILIPPINES,50.0,0.0,36,1
C2B,Airlines,Online,Bronze Plan,12,SINGAPORE,47.0,11.75,34,1
C2B,Airlines,Online,Other_Product,19,SINGAPORE,105.6,26.4,65,1
CWT,Travel Agency,Online,Rental Vehicle Excess Insurance,21,AUSTRALIA,49.5,29.7,47,1
C2B,Airlines,Online,Bronze Plan,16,SINGAPORE,48.3,12.07,46,1
C2B,Airlines,Online,Bronze Plan,18,SINGAPORE,33.5,8.38,31,1
C2B,Airlines,Online,Annual Silver Plan,367,SINGAPORE,252.85,63.21,31,1
C2B,Airlines,Online,Annual Silver Plan,367,SINGAPORE,291.75,72.94,31,1
C2B,Airlines,Online,Silver Plan,104,SINGAPORE,228.5,57.13,53,1
EPX,Travel Agency,Online,Cancellation Plan,22,SINGAPORE,29.0,0.0,36,1
C2B,Airlines,Online,Annual Silver Plan,374,SINGAPORE,193.2,48.3,31,1
CWT,Travel Agency,Online,Rental Vehicle Excess Insurance,46,AUSTRALIA,59.4,35.64,31,1
C2B,Airlines,Online,Silver Plan,10,SINGAPORE,41.0,10.25,26,1
C2B,Airlines,Online,Silver Plan,88,SINGAPORE,54.5,13.63,60,1
C2B,Airlines,Online,Silver Plan,20,SINGAPORE,63.5,15.88,31,1
C2B,Airlines,Online,Silver Plan,46,SINGAPORE,95.0,23.75,24,1
CWT,Travel Agency,Online,Rental Vehicle Excess Insurance,8,AUSTRALIA,29.7,17.82,57,1
C2B,Airlines,Online,Bronze Plan,33,SINGAPORE,35.25,8.81,20,1
C2B,Airlines,Online,Silver Plan,11,SINGAPORE,29.5,7.38,30,1
EPX,Travel Agency,Online,2 way Comprehensive Plan,74,Other_Destination,112.0,0.0,36,1
EPX,Travel Agency,Online,2 way Comprehensive Plan,66,CHINA,35.0,0.0,36,1
C2B,Airlines,Online,Annual Silver Plan,366,SINGAPORE,216.0,54.0,32,1
C2B,Airlines,Online,Silver Plan,43,SINGAPORE,63.5,15.88,31,1
C2B,Airlines,Online,Bronze Plan,54,SINGAPORE,33.5,8.38,26,1
EPX,Travel Agency,Online,2 way Comprehensive Plan,15,THAILAND,21.0,0.0,36,1
C2B,Airlines,Online,Annual Silver Plan,365,SINGAPORE,252.85,63.21,30,1
CWT,Travel Agency,Online,Rental Vehicle Excess Insurance,18,AUSTRALIA,69.3,41.58,32,1
EPX,Travel Agency,Online,Other_Product,35,UNITED STATES,41.0,0.0,36,1
C2B,Airlines,Online,Bronze Plan,10,SINGAPORE,27.0,6.75,26,1
C2B,Airlines,Online,Silver Plan,40,SINGAPORE,63.5,15.88,27,1
EPX,Travel Agency,Online,Cancellation Plan,146,UNITED STATES,50.0,0.0,35,1
C2B,Airlines,Online,Bronze Plan,64,SINGAPORE,71.0,17.75,33,1
C2B,Airlines,Online,Silver Plan,7,SINGAPORE,25.0,6.25,27,1
C2B,Airlines,Online,Silver Plan,59,SINGAPORE,137.5,34.38,59,1
C2B,Airlines,Online,Silver Plan,15,SINGAPORE,62.0,15.5,26,1
C2B,Airlines,Online,Silver Plan,77,SINGAPORE,63.5,15.88,43,1
C2B,Airlines,Online,Silver Plan,11,SINGAPORE,62.25,15.56,33,1
JZI,Airlines,Online,Basic Plan,14,HONG KONG,26.0,9.1,36,1
C2B,Airlines,Online,Other_Product,5,SINGAPORE,27.5,6.88,26,1
C2B,Airlines,Online,Bronze Plan,39,SINGAPORE,80.5,20.13,40,1
CWT,Travel Agency,Online,Rental Vehicle Excess Insurance,10,MALAYSIA,49.5,29.7,31,1
LWC,Travel Agency,Online,Other_Product,12,UNITED STATES,67.0,43.55,39,1
C2B,Airlines,Online,Annual Silver Plan,365,SINGAPORE,161.0,40.25,45,1
EPX,Travel Agency,Online,2 way Comprehensive Plan,216,ITALY,20.0,0.0,36,1
C2B,Airlines,Online,Bronze Plan,21,SINGAPORE,53.0,13.25,28,1
C2B,Airlines,Online,Bronze Plan,14,SINGAPORE,23.4,5.85,69,1
C2B,Airlines,Online,Annual Silver Plan,369,SINGAPORE,252.85,63.21,52,1
C2B,Airlines,Online,Bronze Plan,25,SINGAPORE,67.0,16.75,31,1
C2B,Airlines,Online,Annual Silver Plan,419,SINGAPORE,252.85,63.21,44,1
C2B,Airlines,Online,Annual Silver Plan,364,SINGAPORE,216.0,54.0,40,1
C2B,Airlines,Online,Bronze Plan,6,SINGAPORE,16.0,4.0,40,1
C2B,Airlines,Online,Bronze Plan,30,SINGAPORE,69.5,17.38,50,1
CBH,Travel Agency,Offline,Other_Product,102,THAILAND,29.0,9.57,29,1
EPX,Travel Agency,Online,2 way Comprehensive Plan,38,INDONESIA,20.0,0.0,36,1
EPX,Travel Agency,Online,Cancellation Plan,14,Other_Destination,24.0,0.0,36,1
C2B,Airlines,Online,Annual Silver Plan,413,SINGAPORE,252.85,63.21,31,1
EPX,Travel Agency,Online,2 way Comprehensive Plan,8,MALAYSIA,23.0,0.0,20,1
C2B,Airlines,Online,Annual Silver Plan,394,SINGAPORE,187.85,46.96,55,1
C2B,Airlines,Online,Bronze Plan,8,SINGAPORE,17.0,4.25,30,1
CWT,Travel Agency,Online,Rental Vehicle Excess Insurance,19,THAILAND,39.6,23.76,50,1
C2B,Airlines,Online,Other_Product,9,SINGAPORE,36.5,9.13,22,1
KML,Travel Agency,Online,Other_Product,68,Other_Destination,95.0,36.1,48,1
C2B,Airlines,Online,Bronze Plan,27,SINGAPORE,60.0,15.0,30,1
C2B,Airlines,Online,Bronze Plan,9,SINGAPORE,20.0,5.0,46,1
C2B,Airlines,Online,Annual Silver Plan,369,SINGAPORE,252.85,63.21,28,1
C2B,Airlines,Online,Bronze Plan,103,SINGAPORE,72.0,18.0,35,1
EPX,Travel Agency,Online,2 way Comprehensive Plan,20,"KOREA, REPUBLIC OF",46.0,0.0,36,1
LWC,Travel Agency,Online,Other_Product,5,VIET NAM,25.0,16.25,30,1
C2B,Airlines,Online,Silver Plan,21,SINGAPORE,72.0,18.0,47,1
C2B,Airlines,Online,Annual Silver Plan,365,SINGAPORE,187.85,46.96,26,1
C2B,Airlines,Online,Silver Plan,17,SINGAPORE,42.0,10.5,20,1
CWT,Travel Agency,Online,Rental Vehicle Excess Insurance,24,MALAYSIA,39.6,23.76,31,1
CWT,Travel Agency,Online,Rental Vehicle Excess Insurance,86,AUSTRALIA,108.9,65.34,31,1
LWC,Travel Agency,Online,Other_Product,29,UNITED KINGDOM,47.0,30.55,38,1
C2B,Airlines,Online,Annual Silver Plan,367,SINGAPORE,252.85,63.21,47,1
C2B,Airlines,Online,Bronze Plan,20,SINGAPORE,16.0,4.0,32,1
CWT,Travel Agency,Online,Rental Vehicle Excess Insurance,24,AUSTRALIA,59.4,35.64,30,1
C2B,Airlines,Online,Annual Silver Plan,376,SINGAPORE,252.85,63.21,34,1
EPX,Travel Agency,Online,2 way Comprehensive Plan,63,THAILAND,23.0,0.0,36,1
C2B,Airlines,Online,Silver Plan,32,SINGAPORE,88.5,22.13,24,1
LWC,Travel Agency,Online,Other_Product,107,JAPAN,25.0,16.25,36,1
EPX,Travel Agency,Online,2 way Comprehensive Plan,12,CHINA,32.0,0.0,36,1
C2B,Airlines,Online,Annual Silver Plan,366,SINGAPORE,216.0,54.0,37,1
EPX,Travel Agency,Online,2 way Comprehensive Plan,20,CHINA,66.0,0.0,36,1
C2B,Airlines,Online,Bronze Plan,4,SINGAPORE,16.0,4.0,26,1
EPX,Travel Agency,Online,2 way Comprehensive Plan,57,UNITED STATES,99.0,0.0,69,1
C2B,Airlines,Online,Annual Silver Plan,367,SINGAPORE,216.0,54.0,46,1
C2B,Airlines,Online,Bronze Plan,40,SINGAPORE,99.0,24.75,46,1
C2B,Airlines,Online,Silver Plan,39,SINGAPORE,22.5,5.63,30,1
EPX,Travel Agency,Online,2 way Comprehensive Plan,95,CHINA,20.0,0.0,36,1
C2B,Airlines,Online,Annual Silver Plan,372,SINGAPORE,216.0,54.0,33,1
C2B,Airlines,Online,Annual Silver Plan,368,SINGAPORE,216.0,54.0,25,1
JZI,Airlines,Online,Basic Plan,88,Other_Destination,61.0,21.35,40,1
C2B,Airlines,Online,Bronze Plan,7,SINGAPORE,19.2,4.8,26,1
C2B,Airlines,Online,Silver Plan,15,SINGAPORE,42.0,10.5,26,1
C2B,Airlines,Online,Bronze Plan,12,SINGAPORE,23.0,5.75,27,1
C2B,Airlines,Online,Annual Silver Plan,397,SINGAPORE,291.75,72.94,35,1
C2B,Airlines,Online,Silver Plan,15,SINGAPORE,48.5,12.13,34,1
C2B,Airlines,Online,Annual Silver Plan,369,SINGAPORE,216.0,54.0,36,1
C2B,Airlines,Online,Bronze Plan,9,SINGAPORE,17.0,4.25,29,1
EPX,Travel Agency,Online,2 way Comprehensive Plan,36,Other_Destination,112.0,0.0,36,1
C2B,Airlines,Online,Silver Plan,110,SINGAPORE,271.0,67.75,35,1
CWT,Travel Agency,Online,Rental Vehicle Excess Insurance,28,AUSTRALIA,79.2,47.52,36,1
EPX,Travel Agency,Online,2 way Comprehensive Plan,42,"KOREA, REPUBLIC OF",44.0,0.0,36,1
C2B,Airlines,Online,Silver Plan,17,SINGAPORE,33.5,8.38,31,1
EPX,Travel Agency,Online,2 way Comprehensive Plan,201,Other_Destination,37.0,0.0,36,1
EPX,Travel Agency,Online,Cancellation Plan,10,THAILAND,44.0,0.0,36,1
C2B,Airlines,Online,Bronze Plan,21,SINGAPORE,24.0,6.0,50,1
C2B,Airlines,Online,Silver Plan,17,SINGAPORE,48.5,12.13,56,1
C2B,Airlines,Online,Bronze Plan,12,SINGAPORE,94.0,23.5,34,1
EPX,Travel Agency,Online,Cancellation Plan,74,HONG KONG,16.0,0.0,36,1
EPX,Travel Agency,Online,Cancellation Plan,73,THAILAND,16.0,0.0,36,1
C2B,Airlines,Online,Bronze Plan,6,SINGAPORE,13.5,3.38,26,1
C2B,Airlines,Online,Silver Plan,3,SINGAPORE,15.0,3.75,44,1
C2B,Airlines,Online,Bronze Plan,115,SINGAPORE,33.5,8.38,40,1
C2B,Airlines,Online,Silver Plan,14,SINGAPORE,47.5,11.88,22,1
C2B,Airlines,Online,Other_Product,27,SINGAPORE,69.0,17.25,33,1
C2B,Airlines,Online,Silver Plan,73,SINGAPORE,62.0,15.5,29,1
C2B,Airlines,Online,Silver Plan,105,SINGAPORE,297.05,74.26,24,1
EPX,Travel Agency,Online,Other_Product,3,VIET NAM,20.0,0.0,39,1
C2B,Airlines,Online,Silver Plan,8,SINGAPORE,22.5,5.63,23,1
EPX,Travel Agency,Online,2 way Comprehensive Plan,27,INDONESIA,22.0,0.0,36,1
EPX,Travel Agency,Online,2 way Comprehensive Plan,223,PHILIPPINES,20.0,0.0,36,1
C2B,Airlines,Online,Bronze Plan,54,SINGAPORE,53.5,13.38,49,1
C2B,Airlines,Online,Silver Plan,26,SINGAPORE,35.5,8.88,34,1
JZI,Airlines,Online,Basic Plan,55,CHINA,26.0,9.1,37,1
CWT,Travel Agency,Online,Rental Vehicle Excess Insurance,10,JAPAN,39.6,23.76,21,1
C2B,Airlines,Online,Silver Plan,8,SINGAPORE,29.5,7.38,38,1
C2B,Airlines,Online,Bronze Plan,78,SINGAPORE,101.0,25.25,36,1
EPX,Travel Agency,Online,2 way Comprehensive Plan,80,UNITED STATES,103.0,0.0,29,1
C2B,Airlines,Online,Silver Plan,17,SINGAPORE,56.5,14.13,20,1
EPX,Travel Agency,Online,Cancellation Plan,4,Other_Destination,11.0,0.0,36,1
EPX,Travel Agency,Online,2 way Comprehensive Plan,21,VIET NAM,20.0,0.0,55,1
C2B,Airlines,Online,Bronze Plan,13,SINGAPORE,21.0,5.25,28,1
C2B,Airlines,Online,Bronze Plan,158,SINGAPORE,238.0,59.5,30,1
C2B,Airlines,Online,Bronze Plan,41,SINGAPORE,45.5,11.38,54,1
C2B,Airlines,Online,Bronze Plan,3,SINGAPORE,19.2,4.8,41,1
EPX,Travel Agency,Online,Cancellation Plan,6,JAPAN,17.0,0.0,36,1
C2B,Airlines,Online,Silver Plan,6,SINGAPORE,27.75,6.94,43,1
C2B,Airlines,Online,Silver Plan,18,SINGAPORE,93.6,23.4,65,1
EPX,Travel Agency,Online,2 way Comprehensive Plan,49,ITALY,84.0,0.0,36,1
EPX,Travel Agency,Online,2 way Comprehensive Plan,26,CHINA,40.0,0.0,36,1
C2B,Airlines,Online,Bronze Plan,54,SINGAPORE,16.0,4.0,39,1
EPX,Travel Agency,Online,2 way Comprehensive Plan,44,AUSTRALIA,69.0,0.0,36,1
C2B,Airlines,Online,Bronze Plan,22,SINGAPORE,53.5,13.38,24,1
C2B,Airlines,Online,Annual Silver Plan,370,SINGAPORE,252.85,63.21,31,1
C2B,Airlines,Online,Silver Plan,14,SINGAPORE,54.5,13.63,30,1
C2B,Airlines,Online,Annual Silver Plan,367,SINGAPORE,252.85,63.21,32,1
CWT,Travel Agency,Online,Rental Vehicle Excess Insurance,49,UNITED KINGDOM,118.8,71.28,27,1
C2B,Airlines,Online,Annual Silver Plan,372,SINGAPORE,187.85,46.96,45,1
C2B,Airlines,Online,Annual Silver Plan,365,SINGAPORE,216.0,54.0,39,1
C2B,Airlines,Online,Silver Plan,10,SINGAPORE,29.5,7.38,45,1
C2B,Airlines,Online,Annual Silver Plan,384,SINGAPORE,216.0,54.0,31,1
C2B,Airlines,Online,Bronze Plan,5,SINGAPORE,17.55,4.39,35,1
C2B,Airlines,Online,Bronze Plan,5,SINGAPORE,17.55,4.39,24,1
C2B,Airlines,Online,Bronze Plan,19,SINGAPORE,45.5,11.38,30,1
EPX,Travel Agency,Online,2 way Comprehensive Plan,47,"KOREA, REPUBLIC OF",42.0,0.0,23,1
LWC,Travel Agency,Online,Other_Product,3,MALAYSIA,27.0,17.55,32,1
LWC,Travel Agency,Online,Other_Product,10,JAPAN,36.5,23.73,33,1
C2B,Airlines,Online,Silver Plan,10,SINGAPORE,47.5,11.88,33,1
EPX,Travel Agency,Online,Cancellation Plan,15,JAPAN,37.0,0.0,36,1
C2B,Airlines,Online,Annual Silver Plan,379,SINGAPORE,252.85,63.21,45,1
C2B,Airlines,Online,Silver Plan,41,SINGAPORE,47.5,11.88,29,1
C2B,Airlines,Online,Bronze Plan,16,SINGAPORE,13.5,3.38,22,1
CWT,Travel Agency,Online,Rental Vehicle Excess Insurance,38,UNITED KINGDOM,49.5,29.7,25,1
C2B,Airlines,Online,Annual Silver Plan,381,SINGAPORE,252.85,63.21,42,1
C2B,Airlines,Online,Bronze Plan,19,SINGAPORE,72.0,18.0,71,1
JZI,Airlines,Online,Basic Plan,14,THAILAND,18.0,6.3,44,1
C2B,Airlines,Online,Annual Silver Plan,370,SINGAPORE,216.0,54.0,30,1
C2B,Airlines,Online,Annual Silver Plan,374,SINGAPORE,291.75,72.94,53,1
C2B,Airlines,Online,Annual Silver Plan,365,SINGAPORE,161.0,40.25,37,1
C2B,Airlines,Online,Bronze Plan,109,SINGAPORE,231.0,57.75,65,1
C2B,Airlines,Online,Bronze Plan,33,SINGAPORE,65.65,16.41,28,1
C2B,Airlines,Online,Bronze Plan,16,SINGAPORE,47.0,11.75,63,1
C2B,Airlines,Online,Bronze Plan,43,SINGAPORE,33.5,8.38,29,1
C2B,Airlines,Online,Annual Silver Plan,368,SINGAPORE,252.85,63.21,29,1
KML,Travel Agency,Online,Other_Product,17,INDONESIA,28.0,10.64,48,1
C2B,Airlines,Online,Annual Silver Plan,365,SINGAPORE,252.85,63.21,36,1
C2B,Airlines,Online,Silver Plan,19,SINGAPORE,72.0,18.0,33,1
CWT,Travel Agency,Online,Rental Vehicle Excess Insurance,37,AUSTRALIA,19.8,11.88,29,1
C2B,Airlines,Online,Silver Plan,104,SINGAPORE,172.25,43.06,27,1
C2B,Airlines,Online,Annual Silver Plan,367,SINGAPORE,216.0,54.0,48,1
C2B,Airlines,Online,Bronze Plan,9,SINGAPORE,23.5,5.88,29,1
EPX,Travel Agency,Online,Cancellation Plan,25,Other_Destination,73.0,0.0,25,1
CWT,Travel Agency,Online,Rental Vehicle Excess Insurance,38,AUSTRALIA,69.3,41.58,40,1
CWT,Travel Agency,Online,Rental Vehicle Excess Insurance,21,AUSTRALIA,59.4,35.64,50,1
C2B,Airlines,Online,Annual Silver Plan,366,SINGAPORE,187.85,46.96,37,1
C2B,Airlines,Online,Silver Plan,6,SINGAPORE,22.5,5.63,33,1
JZI,Airlines,Online,Basic Plan,27,INDONESIA,22.0,7.7,39,1
C2B,Airlines,Online,Bronze Plan,19,SINGAPORE,62.0,15.5,28,1
C2B,Airlines,Online,Bronze Plan,36,SINGAPORE,34.5,8.63,24,1
EPX,Travel Agency,Online,Other_Product,61,Other_Destination,56.0,0.0,36,1
C2B,Airlines,Online,Annual Silver Plan,381,SINGAPORE,193.2,48.3,29,1
C2B,Airlines,Online,Silver Plan,56,SINGAPORE,81.5,20.38,50,1
CWT,Travel Agency,Online,Rental Vehicle Excess Insurance,46,AUSTRALIA,49.5,29.7,30,1
C2B,Airlines,Online,Annual Silver Plan,368,SINGAPORE,187.85,46.96,37,1
C2B,Airlines,Online,Bronze Plan,19,SINGAPORE,60.0,15.0,31,1
C2B,Airlines,Online,Annual Silver Plan,380,SINGAPORE,252.85,63.21,34,1
C2B,Airlines,Online,Annual Silver Plan,375,SINGAPORE,280.8,70.2,68,1
LWC,Travel Agency,Online,Other_Product,37,HONG KONG,42.0,27.3,54,1
EPX,Travel Agency,Online,Cancellation Plan,22,CHINA,29.0,0.0,36,1
EPX,Travel Agency,Online,Cancellation Plan,57,UNITED STATES,65.0,0.0,36,1
C2B,Airlines,Online,Bronze Plan,11,SINGAPORE,20.0,5.0,29,1
C2B,Airlines,Online,Bronze Plan,36,SINGAPORE,62.0,15.5,28,1
C2B,Airlines,Online,Silver Plan,4,SINGAPORE,30.0,7.5,27,1
C2B,Airlines,Online,Bronze Plan,10,SINGAPORE,27.0,6.75,40,1
LWC,Travel Agency,Online,Other_Product,15,HONG KONG,42.0,27.3,54,1
C2B,Airlines,Online,Annual Silver Plan,374,SINGAPORE,252.85,63.21,36,1
C2B,Airlines,Online,Other_Product,6,SINGAPORE,33.5,8.38,51,1
C2B,Airlines,Online,Silver Plan,46,SINGAPORE,35.4,8.85,49,1
C2B,Airlines,Online,Bronze Plan,11,SINGAPORE,20.0,5.0,28,1
EPX,Travel Agency,Online,2 way Comprehensive Plan,35,UNITED STATES,95.0,0.0,30,1
C2B,Airlines,Online,Bronze Plan,16,SINGAPORE,47.0,11.75,57,1
C2B,Airlines,Online,Bronze Plan,10,SINGAPORE,21.0,5.25,38,1
C2B,Airlines,Online,Silver Plan,20,SINGAPORE,72.0,18.0,29,1
EPX,Travel Agency,Online,Cancellation Plan,95,PHILIPPINES,14.0,0.0,36,1
EPX,Travel Agency,Online,2 way Comprehensive Plan,43,VIET NAM,20.0,0.0,36,1
EPX,Travel Agency,Online,2 way Comprehensive Plan,70,"TAIWAN, PROVINCE OF CHINA",51.0,0.0,21,1
EPX,Travel Agency,Online,2 way Comprehensive Plan,46,UNITED STATES,112.0,0.0,50,1
CWT,Travel Agency,Online,Rental Vehicle Excess Insurance,13,AUSTRALIA,99.0,59.4,31,1
C2B,Airlines,Online,Silver Plan,10,SINGAPORE,29.5,7.38,52,1
JZI,Airlines,Online,Other_Product,113,UNITED STATES,164.0,57.4,35,1
C2B,Airlines,Online,Annual Silver Plan,364,SINGAPORE,252.85,63.21,36,1
C2B,Airlines,Online,Bronze Plan,28,SINGAPORE,23.5,5.88,28,1
EPX,Travel Agency,Online,2 way Comprehensive Plan,101,CHINA,26.0,0.0,36,1
C2B,Airlines,Online,Annual Silver Plan,382,SINGAPORE,280.8,70.2,48,1
C2B,Airlines,Online,Annual Silver Plan,378,SINGAPORE,216.0,54.0,41,1
CWT,Travel Agency,Online,Rental Vehicle Excess Insurance,7,Other_Destination,9.9,5.94,47,1
CWT,Travel Agency,Online,Rental Vehicle Excess Insurance,74,ITALY,49.5,29.7,26,1
EPX,Travel Agency,Online,2 way Comprehensive Plan,52,Other_Destination,112.0,0.0,61,1
C2B,Airlines,Online,Annual Silver Plan,376,SINGAPORE,216.0,54.0,32,1
C2B,Airlines,Online,Silver Plan,16,SINGAPORE,82.55,20.64,28,1
CWT,Travel Agency,Online,Rental Vehicle Excess Insurance,8,AUSTRALIA,39.6,23.76,57,1
C2B,Airlines,Online,Bronze Plan,9,SINGAPORE,20.0,5.0,42,1
C2B,Airlines,Online,Other_Product,16,SINGAPORE,88.0,22.0,39,1
C2B,Airlines,Online,Silver Plan,55,SINGAPORE,109.0,27.25,36,1
C2B,Airlines,Online,Bronze Plan,28,SINGAPORE,50.0,12.5,36,1
C2B,Airlines,Online,Bronze Plan,17,SINGAPORE,60.0,15.0,45,1
C2B,Airlines,Online,Bronze Plan,11,SINGAPORE,27.0,6.75,64,1
EPX,Travel Agency,Online,2 way Comprehensive Plan,39,CHINA,43.0,0.0,36,1
C2B,Airlines,Online,Annual Silver Plan,368,SINGAPORE,259.2,64.8,69,1
C2B,Airlines,Online,Silver Plan,14,SINGAPORE,33.5,8.38,54,1
C2B,Airlines,Online,Bronze Plan,25,SINGAPORE,26.5,6.63,27,1
C2B,Airlines,Online,Silver Plan,68,SINGAPORE,127.0,31.75,34,1
C2B,Airlines,Online,Silver Plan,74,SINGAPORE,88.5,22.13,61,1
C2B,Airlines,Online,Bronze Plan,17,SINGAPORE,29.5,7.38,51,1
EPX,Travel Agency,Online,2 way Comprehensive Plan,232,JAPAN,53.0,0.0,36,1
C2B,Airlines,Online,Annual Silver Plan,365,SINGAPORE,252.85,63.21,61,1
C2B,Airlines,Online,Silver Plan,14,SINGAPORE,29.5,7.38,37,1
C2B,Airlines,Online,Bronze Plan,18,SINGAPORE,21.0,5.25,38,1
C2B,Airlines,Online,Silver Plan,9,SINGAPORE,18.5,4.63,28,1
C2B,Airlines,Online,Annual Silver Plan,376,SINGAPORE,187.85,46.96,28,1
C2B,Airlines,Online,Silver Plan,16,SINGAPORE,29.5,7.38,30,1
C2B,Airlines,Online,Other_Product,367,SINGAPORE,239.5,59.88,43,1
C2B,Airlines,Online,Other_Product,235,SINGAPORE,99.45,24.86,41,1
C2B,Airlines,Online,Silver Plan,5,SINGAPORE,15.0,3.75,35,1
C2B,Airlines,Online,Bronze Plan,16,SINGAPORE,47.0,11.75,24,1
C2B,Airlines,Online,Annual Silver Plan,375,SINGAPORE,252.85,63.21,46,1
C2B,Airlines,Online,Bronze Plan,26,SINGAPORE,27.0,6.75,58,1
CWT,Travel Agency,Online,Rental Vehicle Excess Insurance,10,AUSTRALIA,69.3,41.58,26,1
EPX,Travel Agency,Online,2 way Comprehensive Plan,56,Other_Destination,24.0,0.0,36,1
C2B,Airlines,Online,Bronze Plan,54,SINGAPORE,25.5,6.38,36,1
C2B,Airlines,Online,Silver Plan,57,SINGAPORE,88.5,22.13,34,1
C2B,Airlines,Online,Annual Silver Plan,366,SINGAPORE,259.2,64.8,25,1
EPX,Travel Agency,Online,Cancellation Plan,17,Other_Destination,60.0,0.0,36,1
EPX,Travel Agency,Online,2 way Comprehensive Plan,90,JAPAN,46.0,0.0,36,1
EPX,Travel Agency,Online,Cancellation Plan,266,MALAYSIA,10.0,0.0,36,1
CWT,Travel Agency,Online,Rental Vehicle Excess Insurance,58,UNITED KINGDOM,29.7,17.82,24,1
CWT,Travel Agency,Online,Rental Vehicle Excess Insurance,41,UNITED KINGDOM,118.8,71.28,31,1
C2B,Airlines,Online,Annual Silver Plan,364,SINGAPORE,252.85,63.21,22,1
JZI,Airlines,Online,Basic Plan,70,CHINA,35.0,12.25,23,1
CWT,Travel Agency,Online,Rental Vehicle Excess Insurance,30,AUSTRALIA,99.0,59.4,52,1
C2B,Airlines,Online,Bronze Plan,33,SINGAPORE,16.0,4.0,32,1
C2B,Airlines,Online,Silver Plan,16,SINGAPORE,72.0,18.0,46,1
LWC,Travel Agency,Online,Other_Product,12,"TAIWAN, PROVINCE OF CHINA",36.5,23.73,65,1
CWT,Travel Agency,Online,Rental Vehicle Excess Insurance,69,UNITED KINGDOM,69.3,41.58,40,1
EPX,Travel Agency,Online,Cancellation Plan,61,Other_Destination,28.0,0.0,35,1
C2B,Airlines,Online,Bronze Plan,6,SINGAPORE,16.0,4.0,31,1
C2B,Airlines,Online,Annual Silver Plan,365,SINGAPORE,252.85,63.21,51,1
EPX,Travel Agency,Online,2 way Comprehensive Plan,27,THAILAND,21.0,0.0,35,1
EPX,Travel Agency,Online,Other_Product,105,SINGAPORE,87.0,0.0,30,1
C2B,Airlines,Online,Bronze Plan,10,SINGAPORE,27.0,6.75,48,1
C2B,Airlines,Online,Bronze Plan,20,SINGAPORE,27.0,6.75,36,1
C2B,Airlines,Online,Annual Silver Plan,365,SINGAPORE,291.75,72.94,53,1
CWT,Travel Agency,Online,Rental Vehicle Excess Insurance,9,THAILAND,29.7,17.82,26,1
C2B,Airlines,Online,Bronze Plan,9,SINGAPORE,20.0,5.0,17,1
C2B,Airlines,Online,Annual Silver Plan,364,SINGAPORE,252.85,63.21,41,1
EPX,Travel Agency,Online,2 way Comprehensive Plan,97,CHINA,41.0,0.0,36,1
C2B,Airlines,Online,Bronze Plan,145,SINGAPORE,94.5,23.63,24,1
EPX,Travel Agency,Online,Cancellation Plan,22,VIET NAM,17.0,0.0,32,1
C2B,Airlines,Online,Silver Plan,40,SINGAPORE,63.0,15.75,54,1
C2B,Airlines,Online,Annual Silver Plan,365,SINGAPORE,216.0,54.0,70,1
C2B,Airlines,Online,Annual Silver Plan,366,SINGAPORE,161.0,40.25,26,1
C2B,Airlines,Online,Annual Silver Plan,367,SINGAPORE,187.85,46.96,28,1
C2B,Airlines,Online,Silver Plan,62,SINGAPORE,62.4,15.6,21,1
C2B,Airlines,Online,Annual Silver Plan,374,SINGAPORE,216.0,54.0,43,1
C2B,Airlines,Online,Silver Plan,9,SINGAPORE,29.5,7.38,32,1
C2B,Airlines,Online,Silver Plan,15,SINGAPORE,22.5,5.63,29,1
C2B,Airlines,Online,Bronze Plan,21,SINGAPORE,16.0,4.0,32,1
C2B,Airlines,Online,Bronze Plan,10,SINGAPORE,27.0,6.75,28,1
C2B,Airlines,Online,Silver Plan,112,SINGAPORE,72.0,18.0,28,1
C2B,Airlines,Online,Bronze Plan,11,SINGAPORE,27.0,6.75,68,1
CSR,Travel Agency,Offline,Other_Product,77,THAILAND,29.0,9.57,69,1
C2B,Airlines,Online,Bronze Plan,21,SINGAPORE,22.1,5.53,28,1
EPX,Travel Agency,Online,2 way Comprehensive Plan,13,CHINA,49.0,0.0,36,1
C2B,Airlines,Online,Bronze Plan,18,SINGAPORE,60.0,15.0,36,1
C2B,Airlines,Online,Silver Plan,28,SINGAPORE,39.0,9.75,59,1
C2B,Airlines,Online,Bronze Plan,53,SINGAPORE,60.0,15.0,33,1
C2B,Airlines,Online,Bronze Plan,14,SINGAPORE,33.5,8.38,32,1
EPX,Travel Agency,Online,2 way Comprehensive Plan,303,Other_Destination,84.0,0.0,36,1
C2B,Airlines,Online,Bronze Plan,35,SINGAPORE,16.0,4.0,34,1
C2B,Airlines,Online,Bronze Plan,135,SINGAPORE,257.5,64.38,81,1
EPX,Travel Agency,Online,2 way Comprehensive Plan,39,UNITED STATES,112.0,0.0,40,1
C2B,Airlines,Online,Bronze Plan,7,SINGAPORE,17.0,4.25,44,1
KML,Travel Agency,Online,Other_Product,27,INDONESIA,28.0,10.64,48,1
C2B,Airlines,Online,Bronze Plan,5,SINGAPORE,21.0,5.25,32,1
EPX,Travel Agency,Online,2 way Comprehensive Plan,56,Other_Destination,145.0,0.0,36,1
C2B,Airlines,Online,Other_Product,64,SINGAPORE,207.0,51.75,17,1
EPX,Travel Agency,Online,Cancellation Plan,38,THAILAND,10.0,0.0,31,1
C2B,Airlines,Online,Bronze Plan,10,SINGAPORE,25.2,6.3,41,1
CWT,Travel Agency,Online,Rental Vehicle Excess Insurance,40,Other_Destination,79.2,47.52,35,1
C2B,Airlines,Online,Other_Product,100,SINGAPORE,105.6,26.4,48,1
C2B,Airlines,Online,Annual Silver Plan,380,SINGAPORE,252.85,63.21,31,1
LWC,Travel Agency,Online,Other_Product,10,JAPAN,36.5,23.73,30,1
EPX,Travel Agency,Online,2 way Comprehensive Plan,45,THAILAND,29.0,0.0,29,1
EPX,Travel Agency,Offline,2 way Comprehensive Plan,17,AUSTRALIA,68.0,0.0,55,1
C2B,Airlines,Online,Bronze Plan,13,SINGAPORE,40.0,10.0,27,1
C2B,Airlines,Online,Bronze Plan,36,SINGAPORE,40.5,10.13,23,1
EPX,Travel Agency,Online,2 way Comprehensive Plan,75,CHINA,36.0,0.0,36,1
C2B,Airlines,Online,Silver Plan,39,SINGAPORE,106.5,26.63,52,1
C2B,Airlines,Online,Annual Silver Plan,365,SINGAPORE,259.2,64.8,26,1
C2B,Airlines,Online,Annual Silver Plan,368,SINGAPORE,252.85,63.21,32,1
C2B,Airlines,Online,Bronze Plan,32,SINGAPORE,23.5,5.88,39,1
EPX,Travel Agency,Online,2 way Comprehensive Plan,34,UNITED STATES,112.0,0.0,36,1
C2B,Airlines,Online,Bronze Plan,48,SINGAPORE,33.5,8.38,30,1
C2B,Airlines,Online,Silver Plan,18,SINGAPORE,24.5,6.13,30,1
CWT,Travel Agency,Online,Rental Vehicle Excess Insurance,9,MALAYSIA,39.6,23.76,44,1
C2B,Airlines,Online,Bronze Plan,149,SINGAPORE,34.5,8.63,28,1
EPX,Travel Agency,Online,2 way Comprehensive Plan,86,CHINA,44.0,0.0,36,1
EPX,Travel Agency,Online,2 way Comprehensive Plan,41,Other_Destination,97.0,0.0,27,1
C2B,Airlines,Online,Bronze Plan,43,SINGAPORE,39.0,9.75,31,1
CWT,Travel Agency,Online,Rental Vehicle Excess Insurance,3,UNITED KINGDOM,29.7,17.82,37,1
JZI,Airlines,Online,Basic Plan,9,CHINA,26.0,9.1,57,1
EPX,Travel Agency,Online,2 way Comprehensive Plan,5,"TAIWAN, PROVINCE OF CHINA",45.0,0.0,36,1
C2B,Airlines,Online,Annual Silver Plan,365,SINGAPORE,291.75,72.94,31,1
C2B,Airlines,Online,Other_Product,369,SINGAPORE,239.5,59.88,31,1
EPX,Travel Agency,Online,Cancellation Plan,39,THAILAND,10.0,0.0,52,1
EPX,Travel Agency,Online,2 way Comprehensive Plan,75,CHINA,63.0,0.0,36,1
C2B,Airlines,Online,Silver Plan,70,SINGAPORE,39.0,9.75,36,1
SSI,Airlines,Online,Other_Product,63,SINGAPORE,9.33,2.62,48,1
C2B,Airlines,Online,Silver Plan,13,SINGAPORE,54.5,13.63,34,1
C2B,Airlines,Online,Silver Plan,66,SINGAPORE,86.4,21.6,32,1
CWT,Travel Agency,Online,Rental Vehicle Excess Insurance,10,THAILAND,49.5,29.7,31,1
C2B,Airlines,Online,Annual Silver Plan,365,SINGAPORE,216.0,54.0,49,1
C2B,Airlines,Online,Bronze Plan,42,SINGAPORE,94.0,23.5,28,1
JZI,Airlines,Online,Other_Product,25,Other_Destination,138.0,48.3,46,1
C2B,Airlines,Online,Annual Silver Plan,364,SINGAPORE,193.2,48.3,30,1
EPX,Travel Agency,Online,2 way Comprehensive Plan,79,ITALY,52.0,0.0,36,1
C2B,Airlines,Online,Silver Plan,13,SINGAPORE,48.5,12.13,27,1
CWT,Travel Agency,Online,Rental Vehicle Excess Insurance,22,Other_Destination,29.7,17.82,35,1
C2B,Airlines,Online,Annual Silver Plan,365,SINGAPORE,252.85,63.21,44,1
C2B,Airlines,Online,Bronze Plan,13,SINGAPORE,27.0,6.75,30,1
EPX,Travel Agency,Online,Other_Product,3,AUSTRALIA,50.0,0.0,36,1
EPX,Travel Agency,Online,2 way Comprehensive Plan,40,THAILAND,20.0,0.0,36,1
C2B,Airlines,Online,Bronze Plan,37,SINGAPORE,50.5,12.63,71,1
C2B,Airlines,Online,Bronze Plan,34,SINGAPORE,39.0,9.75,64,1
C2B,Airlines,Online,Annual Silver Plan,398,SINGAPORE,252.85,63.21,55,1
EPX,Travel Agency,Online,Other_Product,67,MALAYSIA,20.0,0.0,36,1
EPX,Travel Agency,Online,2 way Comprehensive Plan,22,UNITED STATES,112.0,0.0,42,1
C2B,Airlines,Online,Silver Plan,21,SINGAPORE,27.0,6.75,72,1
C2B,Airlines,Online,Annual Silver Plan,364,SINGAPORE,252.85,63.21,72,1
C2B,Airlines,Online,Bronze Plan,4,SINGAPORE,13.5,3.38,43,1
C2B,Airlines,Online,Bronze Plan,17,SINGAPORE,16.0,4.0,21,1
EPX,Travel Agency,Online,2 way Comprehensive Plan,33,"TAIWAN, PROVINCE OF CHINA",21.0,0.0,36,1
C2B,Airlines,Online,Bronze Plan,2,SINGAPORE,27.0,6.75,37,1
EPX,Travel Agency,Online,2 way Comprehensive Plan,43,UNITED STATES,112.0,0.0,58,1
C2B,Airlines,Online,Bronze Plan,8,SINGAPORE,23.5,5.88,36,1
JZI,Airlines,Online,Basic Plan,9,CHINA,26.0,9.1,47,1
C2B,Airlines,Online,Silver Plan,30,SINGAPORE,54.5,13.63,53,1
C2B,Airlines,Online,Other_Product,416,SINGAPORE,287.4,71.85,27,1
C2B,Airlines,Online,Bronze Plan,24,SINGAPORE,26.5,6.63,55,1
C2B,Airlines,Online,Bronze Plan,11,SINGAPORE,26.5,6.63,28,1
EPX,Travel Agency,Online,2 way Comprehensive Plan,18,Other_Destination,36.0,0.0,36,1
C2B,Airlines,Online,Silver Plan,21,SINGAPORE,49.5,12.38,34,1
C2B,Airlines,Online,Bronze Plan,62,SINGAPORE,51.0,12.75,23,1
JZI,Airlines,Online,Other_Product,7,THAILAND,33.0,11.55,49,1
C2B,Airlines,Online,Annual Silver Plan,385,SINGAPORE,216.0,54.0,28,1
C2B,Airlines,Online,Other_Product,379,SINGAPORE,278.85,69.71,23,1
EPX,Travel Agency,Online,Cancellation Plan,28,Other_Destination,10.0,0.0,36,1
C2B,Airlines,Online,Annual Silver Plan,365,SINGAPORE,259.2,64.8,41,1
C2B,Airlines,Online,Bronze Plan,8,SINGAPORE,27.0,6.75,26,1
SSI,Airlines,Online,Other_Product,2,SINGAPORE,7.15,2.0,48,1
EPX,Travel Agency,Online,2 way Comprehensive Plan,120,CHINA,84.0,0.0,36,1
C2B,Airlines,Online,Silver Plan,19,SINGAPORE,46.8,11.7,35,1
C2B,Airlines,Online,Silver Plan,100,SINGAPORE,42.0,10.5,52,1
CWT,Travel Agency,Online,Rental Vehicle Excess Insurance,9,THAILAND,39.6,23.76,32,1
C2B,Airlines,Online,Annual Silver Plan,382,SINGAPORE,216.0,54.0,34,1
EPX,Travel Agency,Online,2 way Comprehensive Plan,25,Other_Destination,79.0,0.0,36,1
C2B,Airlines,Online,Bronze Plan,41,SINGAPORE,26.0,6.5,28,1
EPX,Travel Agency,Online,2 way Comprehensive Plan,51,PHILIPPINES,20.0,0.0,36,1
C2B,Airlines,Online,Bronze Plan,3,SINGAPORE,25.2,6.3,39,1
CWT,Travel Agency,Online,Rental Vehicle Excess Insurance,17,"TAIWAN, PROVINCE OF CHINA",29.7,17.82,37,1
C2B,Airlines,Online,Annual Silver Plan,378,SINGAPORE,216.0,54.0,28,1
C2B,Airlines,Online,Annual Silver Plan,396,SINGAPORE,259.2,64.8,53,1
C2B,Airlines,Online,Annual Silver Plan,376,SINGAPORE,216.0,54.0,35,1
JZI,Airlines,Online,Other_Product,46,UNITED STATES,138.0,48.3,56,1
EPX,Travel Agency,Online,2 way Comprehensive Plan,8,HONG KONG,30.0,0.0,41,1
JZI,Airlines,Online,Basic Plan,11,VIET NAM,18.0,6.3,63,1
EPX,Travel Agency,Online,2 way Comprehensive Plan,8,CHINA,34.0,0.0,36,1
C2B,Airlines,Online,Annual Silver Plan,364,SINGAPORE,291.75,72.94,29,1
C2B,Airlines,Online,Bronze Plan,31,SINGAPORE,22.1,5.53,24,1
LWC,Travel Agency,Online,Other_Product,22,"KOREA, REPUBLIC OF",26.5,17.23,76,1
EPX,Travel Agency,Online,Cancellation Plan,21,MALAYSIA,12.0,0.0,26,1
EPX,Travel Agency,Online,Cancellation Plan,82,UNITED KINGDOM,57.0,0.0,36,1
EPX,Travel Agency,Online,2 way Comprehensive Plan,10,CHINA,56.0,0.0,36,1
C2B,Airlines,Online,Bronze Plan,116,SINGAPORE,53.5,13.38,36,1
CWT,Travel Agency,Online,Rental Vehicle Excess Insurance,36,Other_Destination,69.3,41.58,28,1
LWC,Travel Agency,Online,Other_Product,17,MALAYSIA,37.5,24.38,23,1
EPX,Travel Agency,Online,2 way Comprehensive Plan,34,SINGAPORE,33.0,0.0,36,1
C2B,Airlines,Online,Silver Plan,14,SINGAPORE,74.4,18.6,27,1
C2B,Airlines,Online,Silver Plan,13,SINGAPORE,48.5,12.13,42,1
C2B,Airlines,Online,Silver Plan,32,SINGAPORE,81.5,20.38,40,1
C2B,Airlines,Online,Silver Plan,8,SINGAPORE,35.5,8.88,36,1
LWC,Travel Agency,Online,Other_Product,31,Other_Destination,76.5,49.73,34,1
SSI,Airlines,Online,Other_Product,28,SINGAPORE,9.13,2.56,48,1
C2B,Airlines,Online,Annual Silver Plan,364,SINGAPORE,252.85,63.21,30,1
C2B,Airlines,Online,Annual Silver Plan,365,SINGAPORE,252.85,63.21,47,1
KML,Travel Agency,Online,Other_Product,21,INDONESIA,38.0,14.44,48,1
EPX,Travel Agency,Online,2 way Comprehensive Plan,33,THAILAND,20.0,0.0,32,1
JZI,Airlines,Online,Basic Plan,31,INDONESIA,18.0,6.3,44,1
C2B,Airlines,Online,Silver Plan,27,SINGAPORE,18.5,4.63,28,1
C2B,Airlines,Online,Silver Plan,9,SINGAPORE,39.0,9.75,30,1
EPX,Travel Agency,Online,2 way Comprehensive Plan,16,"KOREA, REPUBLIC OF",42.0,0.0,36,1
C2B,Airlines,Online,Silver Plan,29,SINGAPORE,27.0,6.75,33,1
EPX,Travel Agency,Online,2 way Comprehensive Plan,14,CHINA,30.0,0.0,36,1
